,result,table,_time,activar,empeora,nieve,nieve_2h_cm,retraso_ahora_s,retraso_antes_s,sintetico,valida,motivo
,_result,0,2026-09-29T12:53:06.769Z,0,0,0,0,-18.49828706438275,41.585906993255236,,1,
,_result,0,2026-09-29T12:53:30.357Z,0,0,0,0,-18.989956537060966,41.51854914933838,,1,
,_result,0,2026-09-29T12:57:57.364Z,0,0,0,0,-48.489670736647184,39.99809535146717,0,1,
,_result,0,2026-09-29T12:59:41.847Z,0,1,0,0,-52.72683012670108,41.7172150691464,0,1,
,_result,0,2026-09-29T13:04:41.86Z,0,0,0,0,-25.739691645751165,56.82900313248572,0,1,
,_result,0,2026-09-29T13:06:16.564Z,0,0,0,0,-8.170047268593311,51.14758889430102,0,1,sin nieve ni empeora
,_result,0,2026-09-29T13:10:34.575Z,0,0,0,0,22.9281908595785,38.229470128773485,0,1,sin nieve ni empeora
,_result,0,2026-09-29T13:15:34.58Z,0,0,0,0,15.216803620340597,14.840612070663953,0,1,sin nieve ni empeora
,_result,0,2026-09-29T13:20:34.583Z,0,0,0,0,5.98303581983686,24.775777414075286,0,1,sin nieve ni empeora
,_result,0,2026-09-29T13:25:34.597Z,0,0,0,0,0.6072801397786838,11.781109725685786,0,1,sin nieve ni empeora

