t_sim_s,irregularidad,retraso_medio_s,escenario,vehiculos,ts
1.0,2.380227104578758e-16,-0.8091899424613165,normal,4,2026-09-30T14:14:19.283Z
31.0,0.043300635907950934,11.66396855035255,normal,4,2026-09-30T14:14:22.372Z
61.0,0.025482600642469534,5.0940669168671615,normal,4,2026-09-30T14:14:25.458Z
91.0,0.037065700947860075,21.878496493580506,normal,4,2026-09-30T14:14:28.542Z
121.0,0.08121111455318158,10.128494861302581,normal,4,2026-09-30T14:14:31.650Z
151.0,0.12550501484864415,22.063168808907665,normal,4,2026-09-30T14:14:34.745Z
181.0,0.09863892988377512,15.329123546134943,normal,4,2026-09-30T14:14:37.851Z
211.0,0.12065417205299772,20.705810980417077,normal,4,2026-09-30T14:14:40.931Z
241.0,0.13920802396063225,19.885795582070564,normal,4,2026-09-30T14:14:44.029Z
271.0,0.03223608152286291,10.660240596595647,normal,4,2026-09-30T14:14:47.123Z
301.0,0.10855449176580378,21.879376828431234,normal,4,2026-09-30T14:14:50.214Z
331.0,0.05888024221934554,14.247692271363775,normal,4,2026-09-30T14:14:53.316Z
361.0,0.13158662319499204,18.482196761430206,normal,4,2026-09-30T14:14:56.427Z
391.0,0.09132652583209065,18.822131157925007,normal,4,2026-09-30T14:14:59.508Z
421.0,0.10364860692846015,25.64960751073509,normal,4,2026-09-30T14:15:02.598Z
451.0,0.12086348832037283,24.57174324137212,normal,4,2026-09-30T14:15:05.693Z
481.0,0.12467259690217096,18.01336525796028,normal,4,2026-09-30T14:15:08.792Z
511.0,0.1499838875610614,25.423115510243626,normal,4,2026-09-30T14:15:11.892Z
541.0,0.13321748811159384,19.21758452128855,normal,4,2026-09-30T14:15:14.987Z
571.0,0.1722376915558489,19.158862716735115,normal,4,2026-09-30T14:15:18.070Z
601.0,0.11060433476891386,25.45858285567864,normal,4,2026-09-30T14:15:21.165Z
631.0,0.17228399291577526,18.24637720121707,normal,4,2026-09-30T14:15:24.245Z
661.0,0.11804625603181004,31.27861346286021,normal,4,2026-09-30T14:15:27.331Z
691.0,0.19893635714422267,28.526592903365984,normal,4,2026-09-30T14:15:30.440Z
721.0,0.12121942054471921,38.75192675218865,normal,4,2026-09-30T14:15:33.528Z
751.0,0.1741166280844306,32.376408407252015,normal,4,2026-09-30T14:15:36.640Z
781.0,0.1335172287292347,45.0224562671498,normal,4,2026-09-30T14:15:39.758Z
811.0,0.15480264382092437,36.432934806804944,normal,4,2026-09-30T14:15:42.839Z
841.0,0.11332543969441,44.87172215718442,normal,4,2026-09-30T14:15:45.948Z
871.0,0.13501208699684583,41.78313262925558,normal,4,2026-09-30T14:15:49.057Z
901.0,0.13859224817435645,43.78432742225694,normal,4,2026-09-30T14:15:52.152Z
931.0,0.09955702277860165,47.20220924440739,normal,4,2026-09-30T14:15:55.255Z
961.0,0.19243813028476184,53.62497228489818,normal,4,2026-09-30T14:15:58.347Z
991.0,0.1049400621451176,54.69899660303431,normal,4,2026-09-30T14:16:01.442Z
1021.0,0.1831812173004601,63.28843743244253,normal,4,2026-09-30T14:16:04.549Z
1051.0,0.11546640635575055,67.85875283099531,normal,4,2026-09-30T14:16:07.655Z
1081.0,0.22336095659816416,64.04215778799326,normal,4,2026-09-30T14:16:10.752Z
1111.0,0.1327291514232431,72.51802225481745,normal,4,2026-09-30T14:16:13.844Z
1141.0,0.21952520738154216,71.23304260659876,normal,4,2026-09-30T14:16:16.935Z
1171.0,0.14815288509152838,74.54037662180099,normal,4,2026-09-30T14:16:20.034Z
1201.0,0.1954248591753832,75.06090016108502,normal,4,2026-09-30T14:16:23.128Z
1231.0,0.17578826086700355,72.48984593227276,normal,4,2026-09-30T14:16:26.216Z
1261.0,0.10698581049271014,76.12011857346772,normal,4,2026-09-30T14:16:29.322Z
1291.0,0.15331528052931623,79.23361397549543,normal,4,2026-09-30T14:16:32.405Z
1321.0,0.15159466509683886,79.9309636531163,normal,4,2026-09-30T14:16:35.496Z
1351.0,0.12397680077175903,72.08651108911143,normal,4,2026-09-30T14:16:38.591Z
1381.0,0.1299426590628785,86.68836203878072,normal,4,2026-09-30T14:16:41.687Z
1411.0,0.1561953742228045,79.0131387708087,normal,4,2026-09-30T14:16:44.791Z
1441.0,0.1475695960233001,96.20417496763653,normal,4,2026-09-30T14:16:47.885Z
1471.0,0.12251827337090872,82.6323921218354,normal,4,2026-09-30T14:16:50.979Z
1501.0,0.13224289234991973,100.85698279699784,normal,4,2026-09-30T14:16:54.073Z
1531.0,0.16261303955416623,88.08670345206868,normal,4,2026-09-30T14:16:57.178Z
1561.0,0.1843771799072271,107.02153279167891,normal,4,2026-09-30T14:17:00.262Z
1591.0,0.15171845377709675,91.45154339304382,normal,4,2026-09-30T14:17:03.357Z
1621.0,0.11884983756470686,99.77256328206477,normal,4,2026-09-30T14:17:06.449Z
1651.0,0.15171845377709675,103.00531497005414,normal,4,2026-09-30T14:17:09.549Z
1681.0,0.09489627943547876,106.51633132528744,normal,4,2026-09-30T14:17:12.640Z
1711.0,0.14410182841351002,109.18424968296486,normal,4,2026-09-30T14:17:15.762Z
1741.0,0.09486917842641501,102.90716492243324,normal,4,2026-09-30T14:17:18.871Z
1771.0,0.06596031289064987,112.6592602429943,normal,4,2026-09-30T14:17:21.976Z
1801.0,0.10627573902862562,106.1527485774467,normal,4,2026-09-30T14:17:25.096Z
1831.0,0.08313862540862921,110.87620383996001,nieve,4,2026-09-30T14:17:28.205Z
1861.0,0.13049000110028458,101.54729340665472,nieve,4,2026-09-30T14:17:31.310Z
1891.0,0.08534707152608209,94.6353103688397,nieve,4,2026-09-30T14:17:34.407Z
1921.0,0.07223066562522211,99.66485676532184,nieve,4,2026-09-30T14:17:37.496Z
1951.0,0.10019661706869265,79.80412745699428,nieve,4,2026-09-30T14:17:40.614Z
1981.0,0.13927123818646417,66.56361084414317,nieve,4,2026-09-30T14:17:43.726Z
2011.0,0.14037710084545338,73.09181123420812,nieve,4,2026-09-30T14:17:46.827Z
2041.0,0.10019661706869265,61.35789903400669,nieve,4,2026-09-30T14:17:49.936Z
2071.0,0.12448482830447082,48.4433496027842,nieve,4,2026-09-30T14:17:53.029Z
2101.0,0.14035547385987637,53.11512714137886,nieve,4,2026-09-30T14:17:56.135Z
2131.0,0.10210345603938145,41.329537217260594,nieve,4,2026-09-30T14:17:59.234Z
2161.0,0.13391121831488348,32.44585025154263,nieve,4,2026-09-30T14:18:02.343Z
2191.0,0.15897744990541846,36.19935438823012,nieve,4,2026-09-30T14:18:05.446Z
2221.0,0.10489445944352215,21.965035392363298,nieve,4,2026-09-30T14:18:08.544Z
2251.0,0.14343635623236647,11.244801622833961,nieve,4,2026-09-30T14:18:11.643Z
2281.0,0.1659965806378988,14.602935764324348,nieve,4,2026-09-30T14:18:14.751Z
2311.0,0.14174865228270433,-0.7798833593865413,nieve,4,2026-09-30T14:18:17.859Z
2341.0,0.11117159671451288,-13.420143332899,nieve,4,2026-09-30T14:18:20.968Z
2371.0,0.14488689223075074,-12.695748859638583,nieve,4,2026-09-30T14:18:24.064Z
2401.0,0.13649284730345462,-19.858170097979105,nieve,4,2026-09-30T14:18:27.173Z
2431.0,0.08987538203838467,-32.47855402383345,nieve,4,2026-09-30T14:18:30.275Z
2461.0,0.13355251344614724,-32.978524086448544,nieve,4,2026-09-30T14:18:33.382Z
2491.0,0.14006069460266649,-38.916580788915944,nieve,4,2026-09-30T14:18:36.485Z
2521.0,0.1031208483419312,-48.49592942274723,nieve,4,2026-09-30T14:18:39.583Z
2551.0,0.142218486506323,-48.05775003579704,nieve,4,2026-09-30T14:18:42.699Z
2581.0,0.12820103812960146,-55.89744571919035,nieve,4,2026-09-30T14:18:45.813Z
2611.0,0.12386882092773965,-70.93475704053569,nieve,4,2026-09-30T14:18:48.900Z
2641.0,0.12300752195100607,-67.5390217617377,nieve,4,2026-09-30T14:18:51.989Z
2671.0,0.11618532854886873,-72.5071273383858,nieve,4,2026-09-30T14:18:55.086Z
2701.0,0.116777678383847,-83.89122109977313,nieve,4,2026-09-30T14:18:58.179Z
2731.0,0.12313170190437238,-82.31215657712474,nieve,4,2026-09-30T14:19:01.267Z
2761.0,0.12820103812960193,-92.78990256520277,nieve,4,2026-09-30T14:19:04.358Z
2791.0,0.09439788196994728,-103.86790519262178,nieve,4,2026-09-30T14:19:07.443Z
2821.0,0.10323221705719358,-100.47308203958512,nieve,4,2026-09-30T14:19:10.531Z
2851.0,0.11796715697478698,-114.41381222892568,nieve,4,2026-09-30T14:19:13.624Z
2881.0,0.14438936321900905,-123.43265631873946,nieve,4,2026-09-30T14:19:16.733Z
2911.0,0.16539314349383988,-123.9146405224589,nieve,4,2026-09-30T14:19:19.835Z
2941.0,0.11993743133899441,-133.2178095098177,nieve,4,2026-09-30T14:19:22.942Z
2971.0,0.1537975292776842,-139.59313926081413,nieve,4,2026-09-30T14:19:26.068Z
3001.0,0.15611821676729176,-139.6041585509881,nieve,4,2026-09-30T14:19:29.160Z
3031.0,0.10901362990463237,-149.50908470243775,nieve,4,2026-09-30T14:19:32.267Z
3061.0,0.14785659398079481,-154.42590221918206,nieve,4,2026-09-30T14:19:35.382Z
3091.0,0.12902046815624765,-157.19720574920598,nieve,4,2026-09-30T14:19:38.498Z
3121.0,0.08740309624504225,-167.9691172426565,nieve,4,2026-09-30T14:19:41.606Z
3151.0,0.15576805850976083,-168.70362466766497,nieve,4,2026-09-30T14:19:44.724Z
3181.0,0.13072360364730531,-174.01359826407017,nieve,4,2026-09-30T14:19:47.814Z
3211.0,0.07241803050267316,-185.78328735006664,nieve,4,2026-09-30T14:19:50.903Z
3241.0,0.14941480640647453,-186.68644893217805,nieve,4,2026-09-30T14:19:54.006Z
3271.0,0.11317653586452614,-190.64107091015816,nieve,4,2026-09-30T14:19:57.098Z
3301.0,0.0784363098402961,-204.20963972541335,nieve,4,2026-09-30T14:20:00.204Z
3331.0,0.12324776807684272,-205.54440378976204,nieve,4,2026-09-30T14:20:03.300Z
3361.0,0.10120474179339799,-206.38207183059743,nieve,4,2026-09-30T14:20:06.418Z
3391.0,0.09231988464955965,-220.24689117199392,nieve,4,2026-09-30T14:20:09.545Z
3421.0,0.12536684396501505,-227.4744045874533,nieve,4,2026-09-30T14:20:12.675Z
3451.0,0.10959179308020343,-224.84190953880994,nieve,4,2026-09-30T14:20:15.779Z
3481.0,0.09856337576479775,-235.03344044058008,nieve,4,2026-09-30T14:20:18.878Z
3511.0,0.12685615375261722,-240.4308686466907,nieve,4,2026-09-30T14:20:21.997Z
3541.0,0.09347351038220283,-240.22722662213357,nieve,4,2026-09-30T14:20:25.106Z
3571.0,0.11119235367615969,-252.20362660379715,nieve,4,2026-09-30T14:20:28.204Z
3601.0,0.13027355613354435,-257.6527325338243,nieve,4,2026-09-30T14:20:31.320Z
3631.0,0.0603290426641952,-251.58617276489798,normal,4,2026-09-30T14:20:34.435Z
3661.0,0.14166736311190056,-250.95666700500297,normal,4,2026-09-30T14:20:37.530Z
3691.0,0.12064921020863252,-243.416277008877,normal,4,2026-09-30T14:20:40.626Z
3721.0,0.1607974799149252,-242.78331235486075,normal,4,2026-09-30T14:20:43.739Z
3751.0,0.11334705160083333,-233.74751281002787,normal,4,2026-09-30T14:20:46.828Z
3781.0,0.160676323988166,-236.34166023609177,normal,4,2026-09-30T14:20:49.935Z
3811.0,0.11797969395681575,-221.90941945451948,normal,4,2026-09-30T14:20:53.049Z
3841.0,0.166323203588301,-231.60139779704255,normal,4,2026-09-30T14:20:56.156Z
3871.0,0.1393481164526439,-216.55278364875923,normal,4,2026-09-30T14:20:59.243Z
3901.0,0.1293079938724915,-229.12849361586854,normal,4,2026-09-30T14:21:02.346Z
3931.0,0.11453996703992923,-210.21751553345942,normal,4,2026-09-30T14:21:05.439Z
3961.0,0.14941322321002115,-226.63819977196306,normal,4,2026-09-30T14:21:08.538Z
3991.0,0.1252564894849152,-213.53102760635556,normal,4,2026-09-30T14:21:11.636Z
4021.0,0.15171845377709675,-216.42009859774097,normal,4,2026-09-30T14:21:14.755Z
4051.0,0.11794340426570679,-219.4681779704086,normal,4,2026-09-30T14:21:17.870Z
4081.0,0.1364811368264509,-210.91505619750458,normal,4,2026-09-30T14:21:20.989Z
4111.0,0.09583248487997013,-217.54385270465846,normal,4,2026-09-30T14:21:24.101Z
4141.0,0.09481067793252038,-203.26796893662646,normal,4,2026-09-30T14:21:27.200Z
4171.0,0.1160994253044513,-212.8353919418658,normal,4,2026-09-30T14:21:30.307Z
4201.0,0.08415786671395008,-196.31635474991106,normal,4,2026-09-30T14:21:33.423Z
4231.0,0.11195181571374285,-206.7992111953664,normal,4,2026-09-30T14:21:36.518Z
4261.0,0.0729812801307363,-190.6765597087741,normal,4,2026-09-30T14:21:39.611Z
4291.0,0.10562507138533243,-204.45351371921822,normal,4,2026-09-30T14:21:42.725Z
4321.0,0.14263280291069216,-188.61934781462028,normal,4,2026-09-30T14:21:45.824Z
4351.0,0.10367970662135882,-195.92090138658773,normal,4,2026-09-30T14:21:48.917Z
4381.0,0.13392074795291398,-192.92666227053041,normal,4,2026-09-30T14:21:52.004Z
4411.0,0.07024169060070813,-189.88472064008835,normal,4,2026-09-30T14:21:55.094Z
4441.0,0.13602048074729098,-187.77297804014745,normal,4,2026-09-30T14:21:58.220Z
4471.0,0.08520486803617235,-181.12154615459866,normal,4,2026-09-30T14:22:01.299Z
4501.0,0.1638754723775499,-176.21920646315448,normal,4,2026-09-30T14:22:04.397Z
4531.0,0.1059176926156871,-174.37018126908913,normal,4,2026-09-30T14:22:07.505Z
4561.0,0.15223183150363678,-164.12629521440502,normal,4,2026-09-30T14:22:10.615Z
4591.0,0.10417168322027032,-166.22108235932856,normal,4,2026-09-30T14:22:13.707Z
4621.0,0.1455335470591094,-161.75525765646123,normal,4,2026-09-30T14:22:16.795Z
4651.0,0.10225472739622186,-158.5622580638011,normal,4,2026-09-30T14:22:19.893Z
4681.0,0.19617164354843689,-164.98926553871627,normal,4,2026-09-30T14:22:22.994Z
4711.0,0.18483653913773565,-164.93668147638027,normal,4,2026-09-30T14:22:26.089Z
4741.0,0.2250291364999121,-157.2331192954931,normal,4,2026-09-30T14:22:29.185Z
4771.0,0.19388105509038966,-158.09104680994477,normal,4,2026-09-30T14:22:32.279Z
4801.0,0.2016156972976122,-149.2134975864447,normal,4,2026-09-30T14:22:35.393Z
4831.0,0.22218634416474886,-154.80571105962812,normal,4,2026-09-30T14:22:38.499Z
4861.0,0.13933793812477172,-148.15427917407933,normal,4,2026-09-30T14:22:41.598Z
4891.0,0.20490488358591394,-152.26920352594112,normal,4,2026-09-30T14:22:44.686Z
4921.0,0.13777165497605223,-147.43046718700992,normal,4,2026-09-30T14:22:47.776Z
4951.0,0.22452253348037898,-146.29435563626814,normal,4,2026-09-30T14:22:50.890Z
4981.0,0.10479932168001074,-149.06038372610692,normal,4,2026-09-30T14:22:53.984Z
5011.0,0.12484327891760234,-147.98825271577195,normal,4,2026-09-30T14:22:57.076Z
5041.0,0.16546088956584035,-145.41235725447686,normal,4,2026-09-30T14:23:00.182Z
5071.0,0.0856995832558791,-141.2444846725666,normal,4,2026-09-30T14:23:03.274Z
5101.0,0.18216917989562947,-134.72291085978546,normal,4,2026-09-30T14:23:06.367Z
5131.0,0.10490693370103703,-134.74753319710885,normal,4,2026-09-30T14:23:09.467Z
5161.0,0.18532007884351284,-133.4209887767224,normal,4,2026-09-30T14:23:12.560Z
5191.0,0.05806394184429193,-133.66143497191547,normal,4,2026-09-30T14:23:15.645Z
5221.0,0.1282642696181888,-137.20660413003702,normal,4,2026-09-30T14:23:18.761Z
5251.0,0.08731230198824902,-126.51635935991933,normal,4,2026-09-30T14:23:21.861Z
5281.0,0.12354557105965218,-128.61038844489357,normal,4,2026-09-30T14:23:24.970Z
5311.0,0.1775790586015275,-128.91557324044263,normal,4,2026-09-30T14:23:28.068Z
5341.0,0.19097044270801966,-137.1711771001035,normal,4,2026-09-30T14:23:31.179Z
5371.0,0.2502874602199724,-133.72222436635917,normal,4,2026-09-30T14:23:34.280Z
5401.0,0.16070917207271498,-140.93140146519332,normal,4,2026-09-30T14:23:37.379Z
5431.0,0.20208292232186353,-128.8418829397919,corte,4,2026-09-30T14:23:40.485Z
5461.0,0.197189435789542,-133.55955031592305,corte,4,2026-09-30T14:23:43.573Z
5491.0,0.2085734663019993,-126.90811843037426,corte,4,2026-09-30T14:23:46.694Z
5521.0,0.18029747214288205,-123.75487093303467,corte,4,2026-09-30T14:23:49.797Z
5551.0,0.20025511290982964,-119.91069503706662,corte,4,2026-09-30T14:23:52.916Z
5581.0,0.26913701792854594,-131.4171371631653,corte,4,2026-09-30T14:23:56.007Z
5611.0,0.32911927934063223,-130.40942331600257,corte,4,2026-09-30T14:23:59.113Z
5641.0,0.4534610105519059,-139.85220793795253,corte,4,2026-09-30T14:24:02.199Z
5671.0,0.5123917850819693,-141.1769396815003,corte,4,2026-09-30T14:24:05.293Z
5701.0,0.6642538307618288,-148.93053189227905,corte,4,2026-09-30T14:24:08.396Z
5731.0,0.7308543484719342,-150.46727358281612,corte,4,2026-09-30T14:24:11.511Z
5761.0,0.8046455031424348,-166.44409810749795,corte,4,2026-09-30T14:24:14.612Z
5791.0,0.8297694825281323,-191.268375296768,corte,4,2026-09-30T14:24:17.716Z
5821.0,0.9189974768195651,-195.06871592489037,corte,4,2026-09-30T14:24:20.814Z
5851.0,0.9425088441979608,-218.80681425801293,corte,4,2026-09-30T14:24:23.909Z
5881.0,1.053853258990159,-223.63578750104148,corte,4,2026-09-30T14:24:27.008Z
5911.0,1.08628444649508,-244.2701938435245,corte,4,2026-09-30T14:24:30.112Z
5941.0,1.2074841284416873,-249.6079939066563,corte,4,2026-09-30T14:24:33.222Z
5971.0,1.2665427098844624,-267.6346627961108,corte,4,2026-09-30T14:24:36.307Z
6001.0,1.3992801096708716,-273.0677428171769,corte,4,2026-09-30T14:24:39.406Z
6031.0,1.434167170353706,-299.1322853804483,corte,4,2026-09-30T14:24:42.503Z
6061.0,1.4855824342063255,-323.48748784493563,corte,4,2026-09-30T14:24:45.592Z
6091.0,1.6018407357280315,-341.2574728286519,corte,4,2026-09-30T14:24:48.699Z
6121.0,1.6359086149565836,-367.7854101933283,corte,4,2026-09-30T14:24:51.808Z
6151.0,1.7175454369866534,-389.6281551627213,corte,4,2026-09-30T14:24:54.916Z
6181.0,1.7175454369866534,-419.6281551627281,corte,4,2026-09-30T14:24:58.013Z
6211.0,1.7175454369866534,-449.62815516273486,corte,4,2026-09-30T14:25:01.105Z
6241.0,1.7175454369866534,-479.62815516274156,corte,4,2026-09-30T14:25:04.205Z
6271.0,1.7175454369866534,-509.6281551627483,corte,4,2026-09-30T14:25:07.304Z
6301.0,1.7175454369866534,-539.6281551627551,corte,4,2026-09-30T14:25:10.396Z
6331.0,1.7175454369866534,-569.6281551627618,corte,4,2026-09-30T14:25:13.495Z
6361.0,1.7175454369866534,-599.6281551627685,corte,4,2026-09-30T14:25:16.598Z
6391.0,1.7175454369866534,-629.6281551627752,corte,4,2026-09-30T14:25:19.698Z
6421.0,1.7175454369866534,-659.628155162782,corte,4,2026-09-30T14:25:22.798Z
6451.0,1.7175454369866534,-689.6281551627887,corte,4,2026-09-30T14:25:25.907Z
6481.0,1.7175454369866534,-719.6281551627955,corte,4,2026-09-30T14:25:29.006Z
6511.0,1.7175454369866534,-749.6281551628022,corte,4,2026-09-30T14:25:32.111Z
6541.0,1.7175454369866534,-779.628155162809,corte,4,2026-09-30T14:25:35.214Z
6571.0,1.7175454369866534,-809.6281551628157,corte,4,2026-09-30T14:25:38.315Z
6601.0,1.7175454369866534,-839.6281551628224,corte,4,2026-09-30T14:25:41.425Z
6631.0,1.7175454369866534,-869.6281551628292,corte,4,2026-09-30T14:25:44.519Z
6661.0,1.7175454369866534,-899.6281551628358,corte,4,2026-09-30T14:25:47.612Z
6691.0,1.7175454369866534,-929.6281551628426,corte,4,2026-09-30T14:25:50.728Z
6721.0,1.7175454369866534,-959.6281551628493,corte,4,2026-09-30T14:25:53.837Z
6751.0,1.7175454369866534,-989.628155162856,corte,4,2026-09-30T14:25:56.939Z
6781.0,1.7175454369866534,-1019.6281551628629,corte,4,2026-09-30T14:26:00.051Z
6811.0,1.7175454369866534,-1049.6281551628695,corte,4,2026-09-30T14:26:03.155Z
6841.0,1.7175454369866534,-1079.6281551628763,corte,4,2026-09-30T14:26:06.256Z
6871.0,1.7175454369866534,-1109.628155162883,corte,4,2026-09-30T14:26:09.339Z
6901.0,1.7175454369866534,-1139.6281551628897,corte,4,2026-09-30T14:26:12.414Z
6931.0,1.7175454369866534,-1169.6281551628965,corte,4,2026-09-30T14:26:15.504Z
6961.0,1.7175454369866534,-1199.6281551629033,corte,4,2026-09-30T14:26:18.609Z
6991.0,1.7175454369866534,-1229.62815516291,corte,4,2026-09-30T14:26:21.697Z
7021.0,1.7175454369866534,-1259.6281551629168,corte,4,2026-09-30T14:26:24.789Z
7051.0,1.7175454369866534,-1289.6281551629233,corte,4,2026-09-30T14:26:27.887Z
7081.0,1.7175454369866534,-1319.6281551629302,corte,4,2026-09-30T14:26:30.969Z
7111.0,1.7175454369866534,-1349.628155162937,corte,4,2026-09-30T14:26:34.075Z
7141.0,1.7175454369866534,-1379.6281551629436,corte,4,2026-09-30T14:26:37.169Z
7171.0,1.7175454369866534,-1409.6281551629504,corte,4,2026-09-30T14:26:40.265Z
7201.0,1.7175454369866534,-1439.6281551629572,corte,4,2026-09-30T14:26:43.361Z
7231.0,1.7175454369866534,-1450.2614346061268,normal,4,2026-09-30T14:26:46.449Z
7261.0,1.6321709111414555,-1468.7810294775572,normal,4,2026-09-30T14:26:49.525Z
7291.0,1.5479402871544206,-1476.9094266321927,normal,4,2026-09-30T14:26:52.598Z
7321.0,1.526660292036548,-1489.7524222918466,normal,4,2026-09-30T14:26:55.687Z
7351.0,1.5153963384095377,-1478.8713674641904,normal,4,2026-09-30T14:26:58.780Z
7381.0,1.5451183373488997,-1483.764178098218,normal,4,2026-09-30T14:27:01.883Z
7411.0,1.5065402802073076,-1473.890321957532,normal,4,2026-09-30T14:27:04.969Z
7441.0,1.542685166646485,-1473.1937539510031,normal,4,2026-09-30T14:27:08.075Z
7471.0,1.490012924704499,-1467.7916731063629,normal,4,2026-09-30T14:27:11.178Z
7501.0,1.5520057166947208,-1467.0008353189078,normal,4,2026-09-30T14:27:14.259Z
7531.0,1.6120702666880042,-1472.8633630402715,normal,4,2026-09-30T14:27:17.344Z
7561.0,1.5876049794363127,-1475.5616239741182,normal,4,2026-09-30T14:27:20.447Z
7591.0,1.5540333082765725,-1480.3508451218268,normal,4,2026-09-30T14:27:23.527Z
7621.0,1.6132462098351164,-1478.8353839516944,normal,4,2026-09-30T14:27:26.632Z
7651.0,1.5474972047309894,-1486.1369375236623,normal,4,2026-09-30T14:27:29.718Z
7681.0,1.5806443244251556,-1490.226521793729,normal,4,2026-09-30T14:27:32.802Z
7711.0,1.5918332117981961,-1482.9333962712976,normal,4,2026-09-30T14:27:35.901Z
7741.0,1.554627112090849,-1490.4264472427005,normal,4,2026-09-30T14:27:38.989Z
7771.0,1.4661749263489987,-1496.0826176451571,normal,4,2026-09-30T14:27:42.093Z
7801.0,1.5509827186744942,-1496.5573853134993,normal,4,2026-09-30T14:27:45.179Z
7831.0,1.60042135192977,-1500.4402586878987,normal,4,2026-09-30T14:27:48.272Z
7861.0,1.5591830120471741,-1508.2078584290132,normal,4,2026-09-30T14:27:51.355Z
7891.0,1.5163287230990519,-1516.792458025939,normal,4,2026-09-30T14:27:54.443Z
7921.0,1.4652757786350905,-1507.5064088745335,normal,4,2026-09-30T14:27:57.539Z
7951.0,1.5516127298019424,-1512.131699777531,normal,4,2026-09-30T14:28:00.649Z
7981.0,1.5598342475882652,-1509.9166017297562,normal,4,2026-09-30T14:28:03.743Z
8011.0,1.5472280644938428,-1504.5906193322276,normal,4,2026-09-30T14:28:06.856Z
8041.0,1.5416341187468667,-1515.209768149617,normal,4,2026-09-30T14:28:09.931Z
8071.0,1.4804538037998023,-1511.7862064040974,normal,4,2026-09-30T14:28:13.033Z
8101.0,1.5518087905163083,-1506.1989954252963,normal,4,2026-09-30T14:28:16.140Z
8131.0,1.5387576274603387,-1508.9778957976278,normal,4,2026-09-30T14:28:19.221Z
8161.0,1.5472782128658036,-1509.2830805931771,normal,4,2026-09-30T14:28:22.308Z
8191.0,1.5028747969166365,-1516.1473611166189,normal,4,2026-09-30T14:28:25.421Z
8221.0,1.480305768888257,-1511.2090559454396,normal,4,2026-09-30T14:28:28.511Z
8251.0,1.5519402053907443,-1510.7154122189925,normal,4,2026-09-30T14:28:31.606Z
8281.0,1.5468038127304986,-1507.5621647216535,normal,4,2026-09-30T14:28:34.707Z
8311.0,1.5519822694398147,-1510.602293675257,normal,4,2026-09-30T14:28:37.791Z
8341.0,1.4976930816595302,-1509.8341718971512,normal,4,2026-09-30T14:28:40.904Z
8371.0,1.548338260886443,-1501.5608545225236,normal,4,2026-09-30T14:28:44.017Z
8401.0,1.4478942078352786,-1504.6009834761276,normal,4,2026-09-30T14:28:47.114Z
8431.0,1.4986607410906565,-1495.6518804810503,normal,4,2026-09-30T14:28:50.198Z
8461.0,1.499499920892642,-1506.491370536548,normal,4,2026-09-30T14:28:53.297Z
8491.0,1.4467528769427749,-1498.3797129109444,normal,4,2026-09-30T14:28:56.373Z
8521.0,1.5423923602825045,-1498.452442245842,normal,4,2026-09-30T14:28:59.479Z
8551.0,1.4855098544514413,-1493.0602051280584,normal,4,2026-09-30T14:29:02.565Z
8581.0,1.5411415980195788,-1488.9014182130559,normal,4,2026-09-30T14:29:05.653Z
8611.0,1.4513660971130136,-1488.9193084251638,normal,4,2026-09-30T14:29:08.754Z
8641.0,1.5289546359810589,-1489.616632076591,normal,4,2026-09-30T14:29:11.863Z
8671.0,1.419421648066451,-1488.731500897076,normal,4,2026-09-30T14:29:14.958Z
8701.0,1.509704350286031,-1490.045984430578,normal,4,2026-09-30T14:29:18.051Z
8731.0,1.4196182257912178,-1486.80790639598,normal,4,2026-09-30T14:29:21.153Z
8761.0,1.4988479951739127,-1481.4603432369454,normal,4,2026-09-30T14:29:24.259Z
8791.0,1.4326770398858761,-1475.270035657115,normal,4,2026-09-30T14:29:27.357Z
8821.0,1.5178082234261439,-1471.2263412245948,normal,4,2026-09-30T14:29:30.461Z
8851.0,1.4887252365688628,-1473.7973954534161,normal,4,2026-09-30T14:29:33.566Z
8881.0,1.5248761791900511,-1466.2316653754945,normal,4,2026-09-30T14:29:36.668Z
8911.0,1.480716358601119,-1470.5120597030998,normal,4,2026-09-30T14:29:39.771Z
8941.0,1.4798873438997884,-1458.176078186711,normal,4,2026-09-30T14:29:42.872Z
8971.0,1.4990854078800662,-1462.01919946579,normal,4,2026-09-30T14:29:45.969Z
9001.0,1.436167982755892,-1459.721191483845,normal,4,2026-09-30T14:29:49.069Z
9031.0,0.8588449658734433,-969.9859714213138,normal,6,2026-09-30T14:29:52.170Z
9061.0,0.787963659549604,-969.565266079772,normal,6,2026-09-30T14:29:55.270Z
9091.0,0.8693397949498651,-970.7012068028695,normal,6,2026-09-30T14:29:58.354Z
9121.0,0.7662217445913502,-964.8016577568254,normal,6,2026-09-30T14:30:01.445Z
9151.0,0.8421595228718955,-968.1894421859951,normal,6,2026-09-30T14:30:04.546Z
9181.0,0.7631114026047547,-962.3171513687266,normal,6,2026-09-30T14:30:07.650Z
9211.0,0.827311587709172,-956.4819625070909,normal,6,2026-09-30T14:30:10.755Z
9241.0,0.7447180404995625,-957.754448288771,normal,6,2026-09-30T14:30:13.851Z
9271.0,0.826162215940504,-945.8118239221063,normal,6,2026-09-30T14:30:16.948Z
9301.0,0.7388541344491671,-953.2553485613283,normal,6,2026-09-30T14:30:20.045Z
9331.0,0.7676223224503338,-944.1259103381641,normal,6,2026-09-30T14:30:23.146Z
9361.0,0.8169416296946508,-947.1275494016395,normal,6,2026-09-30T14:30:26.246Z
9391.0,0.7803923086335628,-934.904261686639,normal,6,2026-09-30T14:30:29.348Z
9421.0,0.836117069041084,-941.5222049483881,normal,6,2026-09-30T14:30:32.440Z
9451.0,0.8022379688911508,-934.7710603044267,normal,6,2026-09-30T14:30:35.518Z
9481.0,0.8304736868044742,-936.7176741166039,normal,6,2026-09-30T14:30:38.619Z
9511.0,0.7754938606742691,-933.0343986816544,normal,6,2026-09-30T14:30:41.714Z
9541.0,0.8052438735957396,-934.1806703080443,normal,6,2026-09-30T14:30:44.795Z
9571.0,0.742022972210402,-927.4426506332252,normal,6,2026-09-30T14:30:47.882Z
9601.0,0.7419557234600992,-930.98491819306,normal,6,2026-09-30T14:30:50.983Z
9631.0,0.6927527177437174,-929.9565773522239,normal,6,2026-09-30T14:30:54.073Z
9661.0,0.7540711467499984,-929.9802162382404,normal,6,2026-09-30T14:30:57.169Z
9691.0,0.6490788686096312,-933.6537285772821,normal,6,2026-09-30T14:31:00.291Z
9721.0,0.7520070794971175,-926.2933214605314,normal,6,2026-09-30T14:31:03.377Z
9751.0,0.6857364083606489,-931.7648907132575,normal,6,2026-09-30T14:31:06.483Z
9781.0,0.692502787525017,-931.6381027396534,normal,6,2026-09-30T14:31:09.589Z
9811.0,0.7496718956973722,-937.2923877046925,normal,6,2026-09-30T14:31:12.690Z
9841.0,0.6923606015231788,-931.0808790073552,normal,6,2026-09-30T14:31:15.763Z
9871.0,0.7502757492097775,-926.6025616659941,normal,6,2026-09-30T14:31:18.850Z
9901.0,0.6722149725741916,-927.5252290088532,normal,6,2026-09-30T14:31:21.939Z
9931.0,0.7374306994629143,-917.9692440252124,normal,6,2026-09-30T14:31:25.030Z
9961.0,0.7185483299786064,-921.2558359698008,normal,6,2026-09-30T14:31:28.144Z
9991.0,0.7253842773232964,-919.2421485383144,normal,6,2026-09-30T14:31:31.249Z
10021.0,0.7274433475446798,-932.9818839622575,normal,6,2026-09-30T14:31:34.339Z
10051.0,0.7188361174302262,-916.9416382645869,normal,6,2026-09-30T14:31:37.444Z
10081.0,0.7144393715498808,-928.0534616053518,normal,6,2026-09-30T14:31:40.537Z
10111.0,0.667902353795783,-917.3399966806364,normal,6,2026-09-30T14:31:43.617Z
10141.0,0.7403352929852545,-919.9501719021774,normal,6,2026-09-30T14:31:46.712Z
10171.0,0.6627772002355352,-919.7014775029243,normal,6,2026-09-30T14:31:49.805Z
10201.0,0.7385307740969662,-913.6575587085302,normal,6,2026-09-30T14:31:52.904Z
10231.0,0.695539031230485,-916.0504224756525,normal,6,2026-09-30T14:31:55.997Z
10261.0,0.7252833032177024,-908.666795204307,normal,6,2026-09-30T14:31:59.086Z
10291.0,0.7123465261476954,-914.6201845069563,normal,6,2026-09-30T14:32:02.187Z
10321.0,0.723197216695398,-913.863655837335,normal,6,2026-09-30T14:32:05.285Z
10351.0,0.7366380260249189,-906.3111764578507,normal,6,2026-09-30T14:32:08.396Z
10381.0,0.6864155771019912,-907.5344766246203,normal,6,2026-09-30T14:32:11.501Z
10411.0,0.73724422619383,-900.9554165709541,normal,6,2026-09-30T14:32:14.609Z
10441.0,0.6687118460114261,-902.7579302902412,normal,6,2026-09-30T14:32:17.696Z
10471.0,0.7417434560673629,-901.6475451076179,normal,6,2026-09-30T14:32:20.795Z
10501.0,0.6760067912914683,-902.4137284795847,normal,6,2026-09-30T14:32:23.886Z
10531.0,0.7363853725626714,-901.3715058377111,normal,6,2026-09-30T14:32:26.977Z
10561.0,0.6487760354532426,-897.9744454890691,normal,6,2026-09-30T14:32:30.068Z
10591.0,0.6677742319988466,-895.3247245324537,normal,6,2026-09-30T14:32:33.180Z
10621.0,0.6165044217796848,-891.1497853207238,normal,6,2026-09-30T14:32:36.268Z
10651.0,0.662234704956145,-887.5192430240751,normal,6,2026-09-30T14:32:39.339Z
10681.0,0.6291115372771874,-879.2618264875729,normal,6,2026-09-30T14:32:42.442Z
10711.0,0.6614205788764189,-885.0554505770442,normal,6,2026-09-30T14:32:45.550Z
10741.0,0.7819218800211983,-881.0864654290858,normal,6,2026-09-30T14:32:48.650Z
10771.0,0.7029828928581174,-884.7064696010672,normal,6,2026-09-30T14:32:51.767Z
10801.0,0.7699042248361571,-876.9207779290355,normal,6,2026-09-30T14:32:54.854Z
10831.0,0.7155032938181711,-881.2939271457188,normal,6,2026-09-30T14:32:57.945Z
