ganancia,t_sim_s,residuo_m,residuo_posterior_m
0.1,60,-331.0,-297.90000000000003
0.1,120,-437.927999999999,-394.1351999999991
0.1,180,-612.2654999999995,-551.0389499999995
0.1,240,-903.0,-812.7
0.1,300,-1101.2630000000017,-991.1367000000016
0.1,360,-1274.0,-1146.6000000000001
0.1,420,-1338.5325000000003,-1204.6792500000004
0.1,480,-1417.1975000000011,-1275.4777500000012
0.1,540,-1615.0,-1453.5
0.1,600,-1503.9305000000013,-1353.5374500000012
0.1,660,-1526.0,-1373.4
0.1,720,-1376.933,-1239.2397
0.1,780,-1310.5325000000003,-1179.4792500000003
0.1,840,-1250.7945000000027,-1125.7150500000025
0.1,900,-1281.5325000000003,-1153.3792500000002
0.1,960,-1190.3285000000024,-1071.295650000002
0.1,1020,-1211.0665,-1089.95985
0.1,1080,-1125.464500000001,-1012.9180500000009
0.1,1140,-1179.0,-1061.1000000000001
0.1,1200,-1057.0,-951.3000000000001
0.1,1260,-1029.3965000000017,-926.4568500000015
0.1,1320,-1190.0,-1071.0
0.1,1380,-1225.331000000001,-1102.797900000001
0.1,1440,-1041.0,-936.9
0.1,1500,-919.9305000000013,-827.9374500000011
0.1,1560,-892.0,-802.8000000000001
0.1,1620,-599.464500000001,-539.5180500000009
0.1,1680,-713.0,-641.7
0.1,1740,-576.9960000000019,-519.2964000000018
0.1,1800,-465.1999999999998,-418.67999999999984
0.3,60,-331.0,-231.7
0.3,120,-374.9959999999992,-262.4971999999994
0.3,180,-532.0,-372.4
0.3,240,-532.0,-372.4
0.3,300,-659.4645,-461.62515
0.3,360,-730.262999999999,-511.18409999999926
0.3,420,-706.6634999999997,-494.6644499999997
0.3,480,-706.6634999999997,-494.6644499999997
0.3,540,-676.6634999999997,-473.6644499999997
0.3,600,-524.6609999999991,-367.26269999999937
0.3,660,-413.0,-289.09999999999997
0.3,720,-295.39900000000034,-206.77930000000023
0.3,780,-284.0640000000012,-198.84480000000084
0.3,840,-272.7995000000001,-190.95965000000004
0.3,900,-341.5955000000022,-239.1168500000015
0.3,960,-275.26550000000043,-192.6858500000003
0.3,1020,-357.6610000000028,-250.36270000000192
0.3,1080,-289.0664999999999,-202.34654999999992
0.3,1140,-84.0,-58.8
0.3,1200,-69.19750000000113,-48.438250000000785
0.3,1260,-130.0664999999999,-91.04654999999993
0.3,1320,-306.7290000000021,-214.71030000000144
0.3,1380,-373.1999999999998,-261.23999999999984
0.3,1440,5.333999999999833,3.7337999999998828
0.3,1500,-19.0,-13.299999999999999
0.3,1560,20.60349999999835,14.422449999998843
0.3,1620,219.067,153.3469
0.3,1680,19.0,13.299999999999999
0.3,1740,8.0,5.6
0.3,1800,-93.0,-65.1
0.5,60,-331.0,-165.5
0.5,120,-304.1974999999993,-152.09874999999965
0.5,180,-382.8624999999993,-191.43124999999964
0.5,240,-532.0,-266.0
0.5,300,-557.1999999999998,-278.5999999999999
0.5,360,-544.0,-272.0
0.5,420,-532.0,-266.0
0.5,480,-532.0,-266.0
0.5,540,-502.0,-251.0
0.5,600,-304.39899999999943,-152.19949999999972
0.5,660,-161.59799999999996,-80.79899999999998
0.5,720,-223.0,-111.5
0.5,780,-181.79950000000008,-90.89975000000004
0.5,840,-161.39400000000296,-80.69700000000148
0.5,900,-231.46450000000095,-115.73225000000048
0.5,960,-195.0,-97.5
0.5,1020,-239.66350000000148,-119.83175000000074
0.5,1080,-256.0,-128.0
0.5,1140,-66.0,-33.0
0.5,1200,-29.86500000000069,-14.932500000000346
0.5,1260,-104.19999999999982,-52.09999999999991
0.5,1320,-251.66350000000148,-125.83175000000074
0.5,1380,-348.0,-174.0
0.5,1440,62.0,31.0
0.5,1500,-19.0,-9.5
0.5,1560,28.469999999998436,14.234999999999218
0.5,1620,219.067,109.5335
0.5,1680,1.0,0.5
0.5,1740,8.0,4.0
0.5,1800,-93.0,-46.5
0.7,60,-331.0,-99.30000000000001
0.7,120,-241.26549999999952,-72.37964999999987
0.7,180,-288.46450000000004,-86.53935000000003
0.7,240,-209.79950000000008,-62.939850000000035
0.7,300,-351.39649999999983,-105.41894999999997
0.7,360,-367.1294999999991,-110.13884999999975
0.7,420,-304.1974999999993,-91.25924999999981
0.7,480,-304.1974999999993,-91.25924999999981
0.7,540,-274.1974999999993,-82.25924999999981
0.7,600,-130.0614999999989,-39.018449999999675
0.7,660,-54.0,-16.200000000000003
0.7,720,-18.79699999999957,-5.639099999999872
0.7,780,-133.0,-39.900000000000006
0.7,840,-114.19500000000244,-34.25850000000074
0.7,900,-184.26550000000043,-55.27965000000014
0.7,960,-93.06150000000252,-27.91845000000076
0.7,1020,-168.8650000000007,-50.659500000000214
0.7,1080,-91.12950000000183,-27.33885000000055
0.7,1140,-66.0,-19.800000000000004
0.7,1200,-21.998500000000604,-6.599550000000182
0.7,1260,-100.60000000000036,-30.180000000000113
0.7,1320,-228.06400000000122,-68.41920000000037
0.7,1380,-238.19500000000244,-71.45850000000074
0.7,1440,62.0,18.6
0.7,1500,-19.0,-5.700000000000001
0.7,1560,36.33649999999852,10.90094999999956
0.7,1620,211.20049999999992,63.36014999999998
0.7,1680,-35.532500000000255,-10.659750000000077
0.7,1740,8.0,2.4000000000000004
0.7,1800,-93.0,-27.900000000000006
1.0,60,-331.0,-0.0
1.0,120,-161.0,-0.0
1.0,180,-217.66600000000017,-0.0
1.0,240,-161.0,-0.0
1.0,300,-288.46450000000004,-0.0
1.0,360,-264.8649999999998,-0.0
1.0,420,-194.0664999999999,-0.0
1.0,480,-209.79950000000008,-0.0
1.0,540,-179.79950000000008,-0.0
1.0,600,-51.39649999999983,-0.0
1.0,660,-42.0,-0.0
1.0,720,-3.063999999999396,-0.0
1.0,780,-133.0,-0.0
1.0,840,-74.862500000002,-0.0
1.0,900,-152.79950000000008,-0.0
1.0,960,-37.996000000001914,-0.0
1.0,1020,-145.26550000000043,-0.0
1.0,1080,-36.064000000001215,-0.0
1.0,1140,-66.0,-0.0
1.0,1200,1.600999999999658,0.0
1.0,1260,-98.19999999999982,-0.0
1.0,1320,-196.59800000000087,-0.0
1.0,1380,-159.53000000000156,-0.0
1.0,1440,62.0,0.0
1.0,1500,-19.0,-0.0
1.0,1560,52.0694999999987,0.0
1.0,1620,203.33399999999983,0.0
1.0,1680,-98.46450000000095,-0.0
1.0,1740,8.0,0.0
1.0,1800,-93.0,-0.0
