retencion_s,t_sim_s,irregularidad,retraso_medio_s
0,1801,0.10627573902862562,106.1527485774467
0,1831,0.07079783970636981,122.87963191292035
0,1861,0.11019187755279809,118.15174362204732
0,1891,0.05408142362816029,131.81771561783785
0,1921,0.10592495737086914,111.61682300359995
0,1951,0.16344135614333735,122.06060478273658
0,1981,0.1005378592778113,120.69119908044628
0,2011,0.15698876053160746,120.97321004780476
0,2041,0.12910978171409618,126.35257488310215
0,2071,0.1446680167373889,126.84243199397078
0,2101,0.16868893140412006,133.53361597484664
0,2131,0.13822320156185647,125.34161546770524
0,2161,0.20602503921578746,136.03074860111903
0,2191,0.10149073834403773,124.7884385410984
0,2221,0.1617306713880979,127.52144907588746
0,2251,0.13721976861823293,129.3269119479176
0,2281,0.11700473824095446,129.41924810557848
0,2311,0.1714585627191984,133.66776012597728
0,2341,0.10486466156818046,135.28847005174018
0,2371,0.183801772873357,141.84373884857456
0,2401,0.11669665387960619,134.74816540762282
0,2431,0.16073755268832032,143.14073906821423
0,2461,0.10777423251284894,144.1950759326305
0,2491,0.14510783534069893,150.7590532084762
0,2521,0.11121003066771694,150.01659536440314
0,2551,0.12315967174046305,153.55373347250864
0,2581,0.11564986451496295,155.9876839337907
0,2611,0.17428088257947022,153.9296203285535
0,2641,0.19330566475212413,155.9887385506815
0,2671,0.15724529306444598,159.65762803934518
0,2701,0.19309134481628798,164.58116762023974
0,2731,0.13813798189255433,165.19482569259807
0,2761,0.16078103174934008,168.9667170523351
0,2791,0.1193199375717523,172.91500645608588
0,2821,0.18582027172333349,177.030254660183
0,2851,0.10465135877763639,177.28273444696492
0,2881,0.18777276474765375,179.80979214603232
0,2911,0.11035010042030183,183.8584084419807
0,2941,0.1595344971517032,181.35095756567276
0,2971,0.11476120546494598,192.78854172781678
0,3001,0.13525346248544384,183.50584498428228
0,3031,0.14344219444427359,197.44781115162152
0,3061,0.13128138198743036,194.04196292106886
0,3091,0.14987168619198613,207.2524905345099
0,3121,0.11744178347859617,199.9111848672219
0,3151,0.1511152118480328,211.35898994411647
0,3181,0.10699832907115586,209.27859120158408
0,3211,0.18424457787702658,219.83670740324757
0,3241,0.16100355899976523,215.68695281949343
0,3271,0.2008956171386535,227.14838823882988
0,3301,0.16544192151798864,225.53138429770235
0,3331,0.21307158714190289,234.30065620994068
0,3361,0.1520706359567979,233.76983112496077
0,3391,0.23089664486900516,239.24231068171056
0,3421,0.15172980287622614,240.50643042018504
0,3451,0.18645265974895303,240.4851902152576
0,3481,0.15536971726427548,251.6111919140025
0,3511,0.18157624935035002,235.50209013889796
0,3541,0.18563075203300375,256.08871333604225
0,3571,0.1535276237847295,234.48624917553025
0,3601,0.17328004530956562,251.16652930536748
0,3631,0.14941322321002115,241.76120647142776
0,3661,0.14691837978984928,252.68201339440452
0,3691,0.1506899027427327,252.45633278949657
0,3721,0.15092183835036072,255.49032400087447
0,3751,0.15171845377709675,263.5330792226428
0,3781,0.11885336618322048,258.2986346073444
0,3811,0.10019675994296595,270.36508354663647
0,3841,0.17508166603818695,262.12311002941743
0,3871,0.178307919178595,274.93611668965286
0,3901,0.1281736685443245,262.34753444005105
0,3931,0.13167647832163676,275.12078900496596
0,3961,0.125459330295244,269.5683276271031
0,3991,0.13094013639282157,278.36637265996205
0,4021,0.13529899609572815,282.25030065125054
0,4051,0.138364948509366,288.60832509137657
0,4081,0.145409100527266,291.67982151352237
0,4111,0.13828670955308855,299.8266902430736
0,4141,0.15189508807243604,297.0788334870497
0,4171,0.16149901707117403,302.8428469930536
0,4201,0.13842432416321535,304.9534543451514
0,4231,0.2404597396488449,291.9753015614081
0,4261,0.2111830960944885,303.4457668969419
0,4291,0.2621922666615276,301.4555534937004
0,4321,0.19550045989064588,308.98645333972974
0,4351,0.25540545220630756,307.8305737043208
0,4381,0.18554712216727404,309.14727439785054
0,4411,0.20252088791007683,313.6520931360891
0,4441,0.1591233267497305,306.81017504523686
0,4471,0.1724150306360066,320.06045475399844
0,4501,0.19035525912174184,309.6582377470274
0,4531,0.08137384413516548,315.8466520190653
0,4561,0.17099093073381702,312.0690274002919
0,4591,0.10204955293072646,318.7068289433988
0,4621,0.14068651815948896,321.4364337346541
0,4651,0.13016666074176844,329.8369578143075
0,4681,0.13228612529925388,323.0347918187758
0,4711,0.12483492590813326,331.8725889469553
0,4741,0.09810850645610247,324.58693621311585
0,4771,0.13140536987909723,331.6199882137422
0,4801,0.10181077038572701,335.1877927502587
0,4831,0.1671518475149748,330.9698665273236
0,4861,0.15357114716789674,326.03753783646135
0,4891,0.18055484137666883,329.00792569532643
0,4921,0.20746005480497046,321.370965698063
0,4951,0.11119509420731312,329.1892158782438
0,4981,0.22249460200825777,330.34501488269865
0,5011,0.1366511771024173,329.6460957495291
0,5041,0.17937699931544612,338.6103415227853
0,5071,0.12881767287656049,336.6999301362349
0,5101,0.18010343550494365,344.23688709353587
0,5131,0.1900970582600515,330.8820360581432
0,5161,0.22907938444003842,346.30129134680436
0,5191,0.20758976771553506,337.9741337155664
0,5221,0.24674928446744512,347.79778280769585
0,5251,0.23151502421883718,346.90426700140245
0,5281,0.260061295481401,356.727916093532
0,5311,0.2436820266832791,347.3679856550428
0,5341,0.29794723136670753,350.0180862556568
0,5371,0.24362515419836503,358.93538757447743
0,5401,0.3408685614868252,350.2425106662904
0,5431,0.33221270232844535,357.7029919885862
0,5461,0.3249432345875002,360.04719004917877
0,5491,0.38572757444983874,363.03877779749433
0,5521,0.34166822882968273,363.29277370417486
0,5551,0.3837176291857616,375.3069518424142
0,5581,0.358823021258159,352.6251239969753
0,5611,0.41393929988520634,364.1884260395419
0,5641,0.33451666055157986,362.13414904988826
0,5671,0.3778909002781046,364.37309835485496
0,5701,0.4300659799633526,363.9240479562026
0,5731,0.45578442598656954,363.6832245731157
0,5761,0.40350966959056855,369.9735054683838
0,5791,0.38683444303163983,363.969763511659
0,5821,0.40713197394794676,379.9193990866337
0,5851,0.41917358922482834,358.5493903867732
0,5881,0.4313098399538514,376.5411484133813
0,5911,0.41225801400823464,368.79134281818773
0,5941,0.46795838514704746,380.2527782375241
0,5971,0.4238397530428059,378.34160879102444
0,6001,0.5229186428223923,381.7310785529771
0,6031,0.4657293853878844,385.4416568675116
0,6061,0.5293006935646175,390.27849989865047
0,6091,0.49470068505778586,388.10610187087826
0,6121,0.43363450213922056,388.39000614602264
0,6151,0.510542599902549,384.13197425100674
0,6181,0.4439148940220416,394.8013963195679
0,6211,0.49662118344215767,388.3634098699528
0,6241,0.47561130791231204,399.3875722407631
0,6271,0.4871079182428462,399.47990839841964
0,6301,0.4754548101840971,410.50407076922994
0,6331,0.50937062505987,407.1379746339978
0,6361,0.4874335042958287,404.56692040517686
0,6391,0.508952635466931,414.5268618692395
0,6421,0.5437400569694316,412.6225075939606
0,6451,0.49140652836657217,421.38004247154976
0,6481,0.48423628836544885,413.61017223474886
0,6511,0.5161062294342335,413.95543297785383
0,6541,0.4712182511810932,421.9584361043016
0,6571,0.529972847229607,424.19738540926835
0,6601,0.4976838848109951,423.6877602137388
0,6631,0.5392570741066465,425.6628568649867
0,6661,0.5428774509889385,430.26081013630807
0,6691,0.49273114334778917,432.58645599103056
0,6721,0.57667145862295,436.44804884502554
0,6751,0.5148836032744274,438.29742761585067
0,6781,0.5784618651445425,447.42939024940245
0,6811,0.5301493349970785,448.2531649609573
0,6841,0.5821219761165268,447.03368197303536
0,6871,0.5298670503381798,449.0110491199696
0,6901,0.5597423779126427,457.8147740762062
0,6931,0.5361035580309539,454.93365350388484
0,6961,0.47326091193571734,457.64962795269827
0,6991,0.47537121956725703,455.2996966330692
0,7021,0.47928066604069636,464.01028705622304
0,7051,0.487471099313763,464.06287111855903
0,7081,0.5269895893196462,471.6645666762163
0,7111,0.4981830041226672,477.3657348896566
0,7141,0.5418713895148136,483.1903231925376
0,7171,0.5032505156703806,487.6076873210711
60,1801,0.10627573902862562,106.1527485774467
60,1831,0.07079783970636981,122.87963191292035
60,1861,0.12250006734622111,116.43445310419912
60,1891,0.19892461236713593,116.99018406326928
60,1921,0.22919908077753054,94.11000022442572
60,1951,0.20753297143819624,104.60943493701112
60,1981,0.22501500700673907,104.13842658896547
60,2011,0.17612768311074997,107.45749763881466
60,2041,0.21886398303246227,108.46413198885054
60,2071,0.19230202357872067,109.82853519677147
60,2101,0.2182511519903311,115.64517308059501
60,2131,0.1898161427147388,111.38863001018898
60,2161,0.22486529612270525,118.32592340529132
60,2191,0.18043043166483586,112.10752013384004
60,2221,0.17790899522347683,120.3812146963657
60,2251,0.22374398815211494,111.43846905366598
60,2281,0.21134050715711136,114.59171655100991
60,2311,0.22881693927385063,116.759112084404
60,2341,0.2311227240564381,118.27457325454085
60,2371,0.23535088325822548,124.72459329574924
60,2401,0.1876002956077078,118.1635912398855
60,2431,0.17130787447861118,126.56411531954107
60,2461,0.2007513481209623,128.02392355622706
60,2491,0.18786593205133725,136.80606775095993
60,2521,0.22068619681071727,132.12815247015152
60,2551,0.17358642839679816,137.8516558208878
60,2581,0.22295653770184312,142.80737795009654
60,2611,0.20034880724500748,139.43749519928093
60,2641,0.2649963768531837,138.1002956564299
60,2671,0.2218054718596065,146.57918867888122
60,2701,0.2640266073315581,146.8763424244121
60,2731,0.24943616755681752,149.4927480409772
60,2761,0.21957133997524822,152.64374865376413
60,2791,0.2522469865091976,155.4638366103604
60,2821,0.2382560529244582,159.57908481445756
60,2851,0.20803224038237214,158.51974545566102
60,2881,0.17371568231618398,161.07557627534905
60,2911,0.1985050037213575,169.42839784061775
60,2941,0.1573278653538238,169.5555642301666
60,2971,0.22987037632489904,174.90009883356518
60,3001,0.19260974876666984,169.55285952676604
60,3031,0.22225406850722715,179.55936825736993
60,3061,0.2152106106686382,175.27897392976496
60,3091,0.22106974155118939,189.3640476402583
60,3121,0.20261246179128814,187.27001855528408
60,3151,0.21771045056173366,196.09418534102176
60,3181,0.24178747473383552,191.39014830733248
60,3211,0.24055384667410815,201.94826450899598
60,3241,0.23891994128463614,197.36123687671568
60,3271,0.23527316935137926,208.8226722960521
60,3301,0.21911332263016092,206.76839530639845
60,3331,0.19515951932612016,215.56644033925744
60,3361,0.21127643624387113,219.19671298044372
60,3391,0.2154387016714825,225.7796196500513
60,3421,0.2422424447933432,227.4215294652603
60,3451,0.2085424716941009,227.66036278213812
60,3481,0.29153839396968356,233.7704515341356
60,3511,0.2220378504561649,223.29819687548633
60,3541,0.28248210600829,238.20027044179065
60,3571,0.2338847492596926,222.39366177901613
60,3601,0.24264062532578023,238.52536299342967
60,3631,0.2714699494286446,224.15897866348422
60,3661,0.25493034621405214,236.5426626942575
60,3691,0.2708068251966315,234.56788989524495
60,3721,0.2562254368692039,240.66279244630593
60,3751,0.2689467287450806,245.64463632839121
60,3781,0.2525102564406491,242.5965569557236
60,3811,0.24362515419836503,252.49027099482672
60,3841,0.2660130097502748,242.92284798958738
60,3871,0.24875862765474263,257.03404345295945
60,3901,0.22211993982533942,248.3945489825348
60,3931,0.21588093891217508,258.98143830481894
60,3961,0.2524645996879433,254.70104397721394
60,3991,0.23537455378454483,265.72520634802424
60,4021,0.2966525434819233,264.3618577569989
60,4051,0.29406830560273983,272.46897439122955
60,4081,0.29152136247716276,273.79137861927074
60,4111,0.3165806723303703,281.06370125176966
60,4141,0.26859035203703935,279.19039059279805
60,4171,0.2926613274187116,288.0153154384851
60,4201,0.24781784137556975,287.06501145089976
60,4231,0.30902607962506246,280.04172254617623
60,4261,0.2699133770670377,290.3105951058959
60,4291,0.3741454133501507,286.25584106772186
60,4321,0.28767150931103197,292.80196844693455
60,4351,0.37840825977022813,292.915587540047
60,4381,0.282262242891145,295.6315619888604
60,4411,0.3562945883562566,295.81135275622216
60,4441,0.2805360416207679,294.6062817818252
60,4471,0.3302536208025302,302.1720118597468
60,4501,0.3367216563524562,293.9561600954065
60,4531,0.23881084890701793,298.938003977492
60,4561,0.315889499214592,298.0762898474551
60,4591,0.24212014599868908,306.39768692436115
60,4621,0.3386657174151678,303.54799084040246
60,4651,0.3118718643550065,314.1348801626866
60,4681,0.3129472697211215,305.1463489245242
60,4711,0.3287707660155479,313.54687300417754
60,4741,0.24997945953741482,306.6984933188642
60,4771,0.27716333004221116,318.97882190180445
60,4801,0.2495384535693092,317.9660498095493
60,4831,0.3369733303673883,315.2677888757027
60,4861,0.2749208906561986,310.10603327982443
60,4891,0.3393364850533567,313.266095948385
60,4921,0.2701403400288189,314.85162206549126
60,4951,0.29243194072064815,312.28056783667034
60,4981,0.3917525055161915,314.63498681201384
60,5011,0.2939429890687934,313.8387693422824
60,5041,0.385176297089017,320.2925759990715
60,5071,0.3012509347107086,318.37421419345714
60,5101,0.36067257947664827,328.4950573465944
60,5131,0.27225893224168046,322.61360023146693
60,5161,0.37792819120704885,333.1209853631102
60,5191,0.37710834918648983,321.73291639218917
60,5221,0.432259013372519,329.9093399134443
60,5251,0.395985358232224,331.6394623983077
60,5281,0.43862178799881685,338.83947319928035
60,5311,0.3820423165827379,335.5616133448367
60,5341,0.3718814838630277,343.4987426230851
60,5371,0.45529636152365405,341.0469446802258
60,5401,0.5088155353293488,334.9777060631957
60,5431,0.5027492526099571,340.79434394701275
60,5461,0.5246215420516025,342.15874715492714
60,5491,0.5492023511724757,345.1503349032427
60,5521,0.5322507716243235,344.529784712871
60,5551,0.5512671524982151,356.84002166427496
60,5581,0.48251886621447204,339.5069325411908
60,5611,0.49721835832383693,355.08140959554896
60,5641,0.5097479350081583,344.24570615563664
60,5671,0.5219953930522453,349.98283984881255
60,5701,0.5760909116433076,346.21922276037486
60,5731,0.6041016952156514,347.1066008244426
60,5761,0.5429917818011137,352.8812397283865
60,5791,0.5367594213157503,347.3931397629858
60,5821,0.5465561172052529,363.2375265823347
60,5851,0.55313354547709,340.6609474925216
60,5881,0.5568323302599717,358.65270551912965
60,5911,0.543918205099431,351.34017297246226
60,5941,0.5780870501276181,362.8016083917987
60,5971,0.5479113900462781,362.4566715009291
60,6001,0.6115154423613454,366.9853414963599
60,6031,0.5942611195547736,368.5087530855566
60,6061,0.6373878122646565,372.3116446388432
60,6091,0.6119067479968114,371.9667511707313
60,6121,0.5257731988119952,372.14540669024973
60,6151,0.6179473036707067,367.67460678829525
60,6181,0.5368609778792052,378.6620456194209
60,6211,0.6039664253206151,371.19050469147123
60,6241,0.557121619728172,386.7464059288253
60,6271,0.5999176945057945,381.591465504168
60,6301,0.596158704756191,393.4901739720306
60,6331,0.6151985050126765,389.2495317397462
60,6361,0.576187485114028,391.92575409323905
60,6391,0.6026067392522572,399.2620572661448
60,6421,0.6679186301239787,394.73406469970905
60,6451,0.5981215551224226,403.49159957729813
60,6481,0.5930208988934429,397.86834248780747
60,6511,0.5777093471094268,403.93790495707293
60,6541,0.5943243988356627,404.06999321005003
60,6571,0.6437750026293791,408.05803470912133
60,6601,0.604174013767155,405.8129476619289
60,6631,0.6306533104868838,413.41921150625444
60,6661,0.6197908097640725,418.91783262750704
60,6691,0.6346277694814484,414.554905553625
60,6721,0.7012930404075145,417.68505985372167
60,6751,0.6475224229343488,420.2658771784451
60,6781,0.6965836691469505,429.10367430662467
60,6811,0.6572333855392289,430.6509371530136
60,6841,0.6599776250476745,435.26706175814985
60,6871,0.6287289532248191,435.78304062189085
60,6901,0.6905707260644384,439.38719151019825
60,6931,0.6693763559588823,437.0452106096332
60,6961,0.5907403627799575,439.76118505844664
60,6991,0.5994302396070582,437.45895625320213
60,7021,0.5770325738454941,450.0573015987068
60,7051,0.6061173987203716,446.1744282243074
60,7081,0.6283096714509702,458.5861273157523
60,7111,0.6124035409689734,461.2263841895096
60,7141,0.6781750358478312,466.60574902480045
60,7171,0.6255949926815094,471.03106357239795
120,1801,0.10627573902862562,106.1527485774467
120,1831,0.07079783970636981,122.87963191292035
120,1861,0.12250006734622111,116.43445310419912
120,1891,0.19892461236713593,116.99018406326928
120,1921,0.2483389730325748,92.39270970657753
120,1951,0.36155997229731207,89.78190338244255
120,1981,0.4305599041524441,86.63160380979124
120,2011,0.3500483335028133,90.00632779308918
120,2041,0.4057805902405979,91.91135949736973
120,2071,0.33663087949665443,96.31282278778137
120,2101,0.4067417884657084,97.7567301863434
120,2131,0.3712973107675502,94.37473321298967
120,2161,0.39609115053881033,100.43748051103971
120,2191,0.3381008532080781,98.15453467632379
120,2221,0.3362511963204119,102.67638950053801
120,2251,0.36323666839776564,98.75755064640762
120,2281,0.28940160712404867,107.45148217148815
120,2311,0.41541955701600697,98.87066919015238
120,2341,0.4039136960030727,103.4470416999723
120,2371,0.4066930399922327,107.81594525417594
120,2401,0.3813428017460865,101.1496944426862
120,2431,0.34909440241996414,109.44496976671576
120,2461,0.3917111531267865,111.43934938848976
120,2491,0.36083021529711545,120.22944400228677
120,2521,0.4079568411520176,115.9570000937481
120,2551,0.327407120063061,123.89867036337154
120,2581,0.42973486199980476,124.91893505584493
120,2611,0.35183092680503214,123.73541754766006
120,2641,0.396910474864561,124.91998967273574
120,2671,0.37133415631943284,132.08706354960864
120,2701,0.44787681484450004,128.9878995301605
120,2731,0.39516306309106336,136.41430868051327
120,2761,0.40658167352162095,134.93892345793648
120,2791,0.43392852443876195,139.76175895873956
120,2821,0.4031423086643037,143.25611641588657
120,2851,0.41320172345783046,141.06857560993555
120,2881,0.3503699315803067,143.6244064296236
120,2911,0.4132615511146504,150.66540884931385
120,2941,0.33433977239397084,150.82134835948335
120,2971,0.3958661103037509,160.47008823220222
120,3001,0.31591138211097075,157.75746619125988
120,3031,0.4205303629482364,161.6709253631183
120,3061,0.3718726013829402,161.3259884722487
120,3091,0.4170249948256387,171.47560474600667
120,3121,0.41511171858235646,168.50702956398015
120,3151,0.4093610650449883,178.20574244677016
120,3181,0.38879053165834165,178.74898199539467
120,3211,0.39530794285813725,186.68345990590126
120,3241,0.43281977724208126,179.47279398246405
120,3271,0.4120961687100479,190.9342294018005
120,3301,0.41582762613039076,188.4426793636207
120,3331,0.36823432146509616,197.24072439647966
120,3361,0.41076374921577596,200.43372398913982
120,3391,0.3602332548144233,207.04540377936803
120,3421,0.40063917739326443,212.84841132074325
120,3451,0.32739589242589995,214.19767175047886
120,3481,0.43816471032814847,220.68555057921085
120,3511,0.3404840977361176,210.47336944236685
120,3541,0.4724893140706123,220.35953006192372
120,3571,0.3630628701509654,210.18976851560447
120,3601,0.4287891450687505,220.63692009917807
120,3631,0.4053712548670628,212.06639126697007
120,3661,0.3937681824256387,223.9014963823197
120,3691,0.46843188497681676,216.9656620873014
120,3721,0.43513145881565835,224.5234417461589
120,3751,0.4693334677616552,227.75619343413962
120,3781,0.424727491830907,227.76902540115503
120,3811,0.45529636152365405,234.60182810057512
120,3841,0.4336144882426891,227.2207703379665
120,3871,0.43643411480970756,239.15923090114967
120,3901,0.4389980710019927,229.19428694270474
120,3931,0.41591085840726977,241.07936506812547
120,3961,0.41322634448334383,240.7480585196977
120,3991,0.4193165174978245,249.58585564787725
120,4021,0.47008215623711913,249.4945741071098
120,4051,0.44190586552115907,259.8278080792918
120,4081,0.4974467915438473,255.90293572501915
120,4111,0.5067465865718391,264.92435055162264
120,4141,0.46886793877014254,261.3019476985464
120,4171,0.508091949659495,269.2523264471812
120,4201,0.4497708070344106,269.17656855664814
120,4231,0.4510654930716841,265.21419099160767
120,4261,0.4436857343675242,272.4221522116443
120,4291,0.4957986009707253,274.32226205249
120,4321,0.4221946682171639,279.66679665588856
120,4351,0.5414631284890419,277.71587511406847
120,4381,0.45598989419450525,279.44707709606524
120,4411,0.5235210469171948,280.8963665919484
120,4441,0.4374806547314221,281.0905693728351
120,4471,0.5351914964193483,284.33127147987994
120,4501,0.4752093001687751,281.75226683199486
120,4531,0.45418852772003065,281.04956108324035
120,4561,0.5008076782512532,282.3742121958342
120,4591,0.4483058991859484,289.48903888278784
120,4621,0.5076188353174338,289.5552532875657
120,4651,0.46191370497995565,301.82573814364895
120,4681,0.5263079665722842,287.2579060302726
120,4711,0.5193202687697106,297.84479535255673
120,4741,0.4625817643557977,288.81005042461265
120,4771,0.5006055486746035,300.6531059590267
120,4801,0.461489519571884,300.0776069152977
120,4831,0.4875335597750985,302.6266225637649
120,4861,0.4688056273138913,292.88429033911507
120,4891,0.5230470571858641,297.5640182967641
120,4921,0.4486113040915368,298.9201175088544
120,4951,0.48252298602071453,296.53873808972895
120,4981,0.4679180365183877,308.1156431794421
120,5011,0.4940646226143629,296.93012130070895
120,5041,0.5747936204289549,304.58254792838665
120,5071,0.4877173513342548,302.5668877862104
120,5101,0.5829733017778678,310.1772918228807
120,5131,0.48314068869563337,304.28788428868916
120,5161,0.56648458724539,317.3791556161688
120,5191,0.4731832193907541,313.4644805655129
120,5221,0.5854606762404305,316.72903392975013
120,5251,0.5877647054548464,315.3982450749305
120,5281,0.6448053782184414,320.9510303050287
120,5311,0.5670758495421164,320.2968087417417
120,5341,0.5774614402404491,324.7357536317809
120,5371,0.5991364328880799,329.24057237001944
120,5401,0.5773815863610379,327.5838163335714
120,5431,0.7025519118891586,322.4288759089141
120,5461,0.6673718815181949,321.6864180648386
120,5491,0.667816170681608,320.5543896866218
120,5521,0.6875165135741945,320.5592712345729
120,5551,0.6792980711093827,331.08066389655175
120,5581,0.688376209760013,320.7439435498857
120,5611,0.6149386874496218,326.7241581016533
120,5641,0.6227854537594556,327.1920572631156
120,5671,0.5510952040278855,332.2178170440005
120,5701,0.7069964410506641,322.208957186756
120,5731,0.7008283715223764,326.1969986858273
120,5761,0.650117832278596,326.8682266105607
120,5791,0.6724898997825249,326.0462645758444
120,5821,0.6372747315326492,336.4892882950253
120,5851,0.683565732782603,320.62589145095865
120,5881,0.6194264176453483,331.9423260193486
120,5911,0.6976377870573242,330.8678438823731
120,5941,0.6416728458273164,334.85588538144447
120,5971,0.6975070331579528,342.4079851169244
120,6001,0.6589250078182817,339.47689153453183
120,6031,0.7238239458319942,350.026299257182
120,6061,0.6603354171106384,347.50862746612336
120,6091,0.7683809787411626,354.604524759313
120,6121,0.6102507440157101,346.784661700817
120,6151,0.7241085907101523,347.45022951379667
120,6181,0.5674439044197537,351.36636366453115
120,6211,0.707088631894916,350.3604067434968
120,6241,0.5908680723933445,359.75473320616425
120,6271,0.7073568081574639,359.60855679189734
120,6301,0.6056165094134807,369.9966856375787
120,6331,0.7236044406100222,366.5510853117055
120,6361,0.6912922447802565,370.5788789060974
120,6391,0.6494338382123551,370.23394201522774
120,6421,0.7322537724853386,376.88537390077653
120,6451,0.6191813551545275,377.47858645947207
120,6481,0.7572166238087771,379.6936845072465
120,6511,0.6143416837820104,374.74396615365276
120,6541,0.702893259945366,384.3529539310512
120,6571,0.6180272354657922,386.6793578457231
120,6601,0.7280266045365612,384.57737834168483
120,6631,0.6531360351354759,384.7818020373219
120,6661,0.7218460775749713,395.3584704448554
120,6691,0.6664438289361055,393.60555131968835
120,6721,0.692459494795591,395.4102561317648
120,6751,0.7475172773015728,394.80068491609296
120,6781,0.7095832269350778,394.16953293891487
120,6811,0.7300034099041174,402.60185869482484
120,6841,0.6556074446502455,400.7701934389662
120,6871,0.7400943473406488,412.53601527842545
120,6901,0.6420661294651395,411.9184936436896
120,6931,0.7241055618240787,416.38356028660763
120,6961,0.6560673679373006,410.87880142312935
120,6991,0.6838828385008499,410.5959790601693
120,7021,0.6051644298431265,418.2158732469366
120,7051,0.6607117543363533,417.0043406780787
120,7081,0.6076812814226477,429.36833725513907
120,7111,0.6749339274530556,432.44586717742243
120,7141,0.6476361165124402,437.3879589641872
120,7171,0.6864315238426814,445.31145789999385
240,1801,0.10627573902862562,106.1527485774467
240,1831,0.07079783970636981,122.87963191292035
240,1861,0.12250006734622111,116.43445310419912
240,1891,0.19892461236713593,116.99018406326928
240,1921,0.2483389730325748,92.39270970657753
240,1951,0.36155997229731207,89.78190338244255
240,1981,0.45131744259718165,84.91431329194306
240,2011,0.5234944607434602,75.17879623852063
240,2041,0.6335375388627447,72.21022105650061
240,2071,0.6655338241546899,56.163206514016636
240,2101,0.694884880749463,45.808692021436904
240,2131,0.6256156293662496,45.95668111254879
240,2161,0.6719699218520621,48.37321461580723
240,2191,0.6059020433576401,51.40607057934639
240,2221,0.6549914882564362,52.07197215746637
240,2251,0.6155301631165224,49.9022254974406
240,2281,0.622804216180887,56.59340947831428
240,2311,0.6025294811688522,54.34832243112629
240,2341,0.5921017286238325,59.40172008479291
240,2371,0.6327724123113592,58.56196390416018
240,2401,0.5606840897413099,63.87737181018077
240,2431,0.6763924327544087,61.13216642190088
240,2461,0.6789040350723956,61.66177562808587
240,2491,0.6258110269390738,61.75411178574457
240,2521,0.704644889034381,64.2864685361362
240,2551,0.6318492225974792,71.43991207056943
240,2581,0.7152463594807218,74.26113527501104
240,2611,0.5938773173400346,70.82537867599615
240,2641,0.6498276826451511,68.78283872099186
240,2671,0.6049168949282483,79.91641365090722
240,2701,0.6582588354900465,74.74746569591427
240,2731,0.6410841490215322,84.92093322686453
240,2761,0.6520021632076225,84.56804591693077
240,2791,0.6627427824415049,92.92881790126361
240,2821,0.6887399322786953,87.04890051716892
240,2851,0.6810293502065721,94.87664084744614
240,2881,0.6705047908598433,94.7690812806567
240,2911,0.7284875688195855,99.62371845771634
240,2941,0.6280393051296691,93.1005478940826
240,2971,0.7318850558699369,102.86930211271246
240,3001,0.6169674245216189,95.90017731683452
240,3031,0.6980251528398358,104.46766019683415
240,3061,0.6217355791983833,106.96897333091664
240,3091,0.681396172952494,115.58415872530097
240,3121,0.6115485630610703,119.22541034118717
240,3151,0.6971627945677787,117.12040228151302
240,3181,0.6827996778251822,124.68613235943468
240,3211,0.6853953200105134,126.48780861587525
240,3241,0.7054480726035561,127.59630958913482
240,3271,0.6621161088814758,132.0216241367323
240,3301,0.6951908843736261,140.0246272631801
240,3331,0.6654414824215369,144.01266876225142
240,3361,0.7569848454313419,146.33112225785925
240,3391,0.6872401158105109,147.13899613128586
240,3421,0.7437821972581203,153.4985330071489
240,3451,0.6631326587233443,153.60449950724725
240,3481,0.7308459527634177,162.47826211516212
240,3511,0.617819905202157,156.92958735288434
240,3541,0.6929988589826565,168.282745460959
240,3571,0.5897905468676788,165.5367820127277
240,3601,0.691488372082814,166.92995834126276
240,3631,0.6400782079525127,172.52169418397423
240,3661,0.714532165449883,164.93472700840587
240,3691,0.6865504488832944,174.3037133892776
240,3721,0.6872484815008346,168.67174782077362
240,3751,0.7519035623983292,180.15930499298878
240,3781,0.671257225012662,175.85278891250508
240,3811,0.8012683674255827,180.5560145505864
240,3841,0.6872338429253132,171.09876216440145
240,3871,0.7592191530941492,181.55844478165977
240,3901,0.6784732833799971,173.66856019894806
240,3931,0.7193107527997156,182.180390145499
240,3961,0.7139024115280984,181.9229078643346
240,3991,0.7114618902310299,189.7987042857566
240,4021,0.739071800413948,191.05899398588832
240,4051,0.7062714529568248,199.5897533262033
240,4081,0.7144815540061138,202.23760704226476
240,4111,0.7089376782066528,211.25902186886827
240,4141,0.7445190501116715,206.32479987021372
240,4171,0.6938455050471151,213.1927863782861
240,4201,0.7733747562014474,212.887601582737
240,4231,0.6595068403299588,197.8741415185812
240,4261,0.7171700450019387,210.92566075074
240,4291,0.6749279116727956,206.29544798431414
240,4321,0.7008719963611844,218.1067018424716
240,4351,0.6653974176094117,218.96227823028278
240,4381,0.6840104670292769,225.2877429342031
240,4411,0.7003172194645212,227.1689233812848
240,4441,0.6671078670798474,230.71969183182995
240,4471,0.7617925741195112,230.14419278810084
240,4501,0.6608183578611008,221.69885836803448
240,4531,0.7634526647706554,229.70151782353418
240,4561,0.6710464113708579,228.2716104645538
240,4591,0.785690859016333,233.68504747178756
240,4621,0.7211075961942909,233.74331145750122
240,4651,0.7650600422145173,236.02201285778852
240,4681,0.7479924211267553,230.56763148757088
240,4711,0.7200541463542512,234.56741002129115
240,4741,0.7530622651910123,234.97776294151214
240,4771,0.7106756400490236,241.51599565237092
240,4801,0.793698380883898,241.03779494520396
240,4831,0.7350955537191788,236.757400617599
240,4861,0.7326650480204635,226.97531629762855
240,4891,0.729104425326119,237.3657156389965
240,4921,0.696212769344128,233.6778434209101
240,4951,0.7039368454347955,245.52316945101043
240,4981,0.6884589174604602,242.60797670674617
240,5011,0.7594713367079959,244.84692601171304
240,5041,0.6887320384193013,250.29027138741074
240,5071,0.7435485965579054,243.71977918144765
240,5101,0.7094893867934537,258.73013005901373
240,5131,0.7108437679393617,241.39211907250117
240,5161,0.8182527339872441,253.68266857019196
240,5191,0.7021961425928649,246.57571167134824
240,5221,0.81590895032671,252.57710250143225
240,5251,0.728146331436263,256.48563980986245
240,5281,0.8118448002736318,262.78233139316217
240,5311,0.7171168435397733,266.86501986105355
240,5341,0.8223505685886453,270.0318977008348
240,5371,0.825211706209068,266.6658015656024
240,5401,0.8529335776084899,265.1109121523845
240,5431,0.8212096676680956,260.0578383509571
240,5461,0.8286271083906468,269.3329085276628
240,5491,0.8560516686586617,262.9536035671322
240,5521,0.7886538850582357,269.0803077944497
240,5551,0.9261695693947906,267.90057690184835
240,5581,0.8704395630086531,251.81381026403704
240,5611,0.8841791885747537,265.1659565960288
240,5641,0.8783729781281789,258.69919702579284
240,5671,0.8436901968810651,270.0553836895034
240,5701,0.8892447656993775,260.6727136305307
240,5731,0.8291125038083561,263.8479190772701
240,5761,0.8191190806576725,264.4574369572832
240,5791,0.7401961123378293,266.81980635169066
240,5821,0.8669515096577968,269.0545918531783
240,5851,0.7889609094440185,253.88212340774012
240,5881,0.8034992597057016,264.4292606347037
240,5911,0.8304031456951908,261.9377105965239
240,5941,0.7909204377762022,267.49122659127596
240,5971,0.8459953049064451,272.17966302793843
240,6001,0.7851944540655469,270.0042364445306
240,6031,0.8682779408629672,278.9234310711437
240,6061,0.7819358361747913,276.39212893764335
240,6091,0.8777529682587406,285.90722412200967
240,6121,0.748963935804957,284.4556665454911
240,6151,0.8776996898232938,287.587333281325
240,6181,0.7417870308681319,292.5142822899108
240,6211,0.8542319469630981,290.16281123924904
240,6241,0.75422302659613,293.99750446879193
240,6271,0.8092443373715118,292.00763231435803
240,6301,0.7358959036522499,302.07436226507923
240,6331,0.8231938718934768,297.58119993053566
240,6361,0.7663467333429597,306.4985012493563
240,6391,0.8292335345490115,306.3920769304101
240,6421,0.8002506529149473,311.93045014698316
240,6451,0.7898230826352185,312.04663756183203
240,6481,0.8228713262859806,314.26173560960643
240,6511,0.7539033460699053,310.56023304907836
240,6541,0.8046340649480083,321.5446433245681
240,6571,0.758254134251929,322.98855072312364
240,6601,0.8362831056369441,318.23113125167197
240,6631,0.7243802878763432,322.2915081934035
240,6661,0.8396985978364488,328.13767725779053
240,6691,0.7201491832305391,333.3890773281061
240,6721,0.8660451905561114,331.7410297706716
240,6751,0.8144352683921053,331.2609357557118
240,6781,0.8492873129242889,339.6614598353652
240,6811,0.8376306189404855,339.61068844986744
240,6841,0.7674091909330574,340.12666731360844
240,6871,0.9059686446406485,343.279914810948
240,6901,0.8273637743831703,340.770193438953
240,6931,0.9003106887376074,349.34562673801696
240,6961,0.7557864457341578,346.7268699948112
240,6991,0.8445004824054372,353.60886403321933
240,7021,0.742609502028227,356.9529215880977
240,7051,0.8043318834694196,356.56823260190754
240,7081,0.815531870344679,361.98356291693403
240,7111,0.8444230006946939,360.83793149157066
240,7141,0.7894239984765301,369.7696448239164
240,7171,0.843789372333673,371.6190235947415
