ts,veh,veh_real,t_sim_s,residuo_m,residuo_posterior_m,distancia_ruta_m,ganancia
2026-09-30T14:15:10.081Z,00001,tram/0040/00083,62.0,-160.0,-0.0,4.841740402778785,1.0
2026-09-30T14:15:10.083Z,00002,tram/0040/00096,62.0,-114.19999999999982,-0.0,4.671701335983936,1.0
2026-09-30T14:15:10.085Z,00003,tram/0040/00414,62.0,-13.932999999999993,-0.0,3.271068389390497,1.0
2026-09-30T14:15:10.087Z,00004,tram/0040/00457,62.0,-59.19750000000204,-0.0,0.04165215269500392,1.0
2026-09-30T14:16:10.263Z,00001,tram/0040/00083,122.0,-1.0640000000021246,-0.0,2.4354274478068443,1.0
2026-09-30T14:16:10.266Z,00002,tram/0040/00096,122.0,13.0,0.0,8.538156997882536,1.0
2026-09-30T14:16:10.268Z,00003,tram/0040/00414,122.0,-14.0,-0.0,4.595835940172915,1.0
2026-09-30T14:16:10.270Z,00004,tram/0040/00457,122.0,33.0,0.0,0.790154872444698,1.0
2026-09-30T14:17:10.453Z,00001,tram/0040/00083,182.0,-4.600000000000364,-0.0,9.005921659404013,1.0
2026-09-30T14:17:10.455Z,00002,tram/0040/00096,182.0,132.0,0.0,0.9100024074990983,1.0
2026-09-30T14:17:10.457Z,00003,tram/0040/00414,182.0,-75.862500000002,-0.0,0.5231954409930072,1.0
2026-09-30T14:17:10.458Z,00004,tram/0040/00457,182.0,2.0,0.0,8.572795604532004,1.0
2026-09-30T14:18:10.643Z,00001,tram/0040/00083,242.0,87.93599999999788,0.0,7.044708383308868,1.0
2026-09-30T14:18:10.644Z,00002,tram/0040/00096,242.0,37.399999999999636,0.0,1.241491565409603,1.0
2026-09-30T14:18:10.646Z,00003,tram/0040/00414,242.0,35.0,0.0,1.6254580334185402,1.0
2026-09-30T14:18:10.648Z,00004,tram/0040/00457,242.0,-39.0,-0.0,7.951388115685612,1.0
2026-09-30T14:19:10.833Z,00001,tram/0040/00083,302.0,-20.930500000002212,-0.0,0.881513503096133,1.0
2026-09-30T14:19:10.835Z,00002,tram/0040/00096,302.0,-80.0,-0.0,2.8354328327667027,1.0
2026-09-30T14:19:10.837Z,00003,tram/0040/00414,302.0,-146.0,-0.0,6.031098335606716,1.0
2026-09-30T14:19:10.838Z,00004,tram/0040/00457,302.0,-167.26300000000265,-0.0,8.57437576108033,1.0
2026-09-30T14:20:11.005Z,00001,tram/0040/00083,362.0,-38.79950000000008,-0.0,8.624515960463857,1.0
2026-09-30T14:20:11.006Z,00002,tram/0040/00096,362.0,42.404499999997824,0.0,1.6307257389778593,1.0
2026-09-30T14:20:11.008Z,00003,tram/0040/00414,362.0,257.33400000000074,0.0,3.9961760609007184,1.0
2026-09-30T14:20:11.009Z,00004,tram/0040/00457,362.0,-130.0,-0.0,5.529802420011752,1.0
2026-09-30T14:21:11.210Z,00001,tram/0040/00083,422.0,-361.0,-0.0,9.417928592390348,1.0
2026-09-30T14:21:11.212Z,00002,tram/0040/00096,422.0,57.0,0.0,4.756853879745827,1.0
2026-09-30T14:21:11.213Z,00003,tram/0040/00414,422.0,148.46749999999975,0.0,8.372158155279456,1.0
2026-09-30T14:21:11.214Z,00004,tram/0040/00457,422.0,-157.46450000000186,-0.0,6.671460311217735,1.0
2026-09-30T14:22:11.408Z,00001,tram/0040/00083,482.0,-361.0,-0.0,9.077734522015122,1.0
2026-09-30T14:22:11.410Z,00002,tram/0040/00096,482.0,-2.0,-0.0,8.263908860214078,1.0
2026-09-30T14:22:11.412Z,00003,tram/0040/00414,482.0,202.0,0.0,3.8991832788691405,1.0
2026-09-30T14:22:11.413Z,00004,tram/0040/00457,482.0,8.13749999999709,0.0,3.0045172422120334,1.0
2026-09-30T14:23:11.607Z,00001,tram/0040/00083,542.0,-221.0,-0.0,6.851037730545536,1.0
2026-09-30T14:23:11.609Z,00002,tram/0040/00096,542.0,26.804999999997563,0.0,3.086582073540639,1.0
2026-09-30T14:23:11.611Z,00003,tram/0040/00414,542.0,17.400000000000546,0.0,7.693429676717583,1.0
2026-09-30T14:23:11.613Z,00004,tram/0040/00457,542.0,5.134999999998399,0.0,7.3198131787277205,1.0
2026-09-30T14:24:11.808Z,00001,tram/0040/00083,602.0,-266.9984999999997,-0.0,6.386537067893566,1.0
2026-09-30T14:24:11.809Z,00002,tram/0040/00096,602.0,-125.53000000000156,-0.0,0.4154545610186201,1.0
2026-09-30T14:24:11.810Z,00003,tram/0040/00414,602.0,-20.0,-0.0,2.1080337882749736,1.0
2026-09-30T14:24:11.810Z,00004,tram/0040/00457,602.0,-24.0,-0.0,6.714311832831878,1.0
2026-09-30T14:25:11.961Z,00001,tram/0040/00083,662.0,-204.0664999999999,-0.0,6.333977852622226,1.0
2026-09-30T14:25:11.963Z,00002,tram/0040/00096,662.0,-4.0,-0.0,1.4801160357404683,1.0
2026-09-30T14:25:11.965Z,00003,tram/0040/00414,662.0,-154.7945000000027,-0.0,6.432512233814112,1.0
2026-09-30T14:25:11.966Z,00004,tram/0040/00457,662.0,-87.46200000000317,-0.0,6.77714255768168,1.0
2026-09-30T14:26:12.125Z,00001,tram/0040/00083,722.0,-196.19999999999982,-0.0,7.1140705668396125,1.0
2026-09-30T14:26:12.128Z,00002,tram/0040/00096,722.0,-73.72900000000209,-0.0,3.4103835996349674,1.0
2026-09-30T14:26:12.130Z,00003,tram/0040/00414,722.0,-29.0,-0.0,3.0041518930724123,1.0
2026-09-30T14:26:12.132Z,00004,tram/0040/00457,722.0,-176.06650000000081,-0.0,2.0714309960505735,1.0
2026-09-30T14:27:12.297Z,00001,tram/0040/00083,782.0,-174.60000000000036,-0.0,6.7137548996272045,1.0
2026-09-30T14:27:12.299Z,00002,tram/0040/00096,782.0,95.0,0.0,0.5613865402301988,1.0
2026-09-30T14:27:12.301Z,00003,tram/0040/00414,782.0,-63.66100000000279,-0.0,4.390286427045934,1.0
2026-09-30T14:27:12.303Z,00004,tram/0040/00457,782.0,165.2684999999983,0.0,6.5508766765158795,1.0
2026-09-30T14:28:12.492Z,00001,tram/0040/00083,842.0,-353.52999999999975,-0.0,5.655144685518556,1.0
2026-09-30T14:28:12.493Z,00002,tram/0040/00096,842.0,4.0,0.0,0.7270085785054751,1.0
2026-09-30T14:28:12.495Z,00003,tram/0040/00414,842.0,-249.46450000000004,-0.0,4.44670738460804,1.0
2026-09-30T14:28:12.496Z,00004,tram/0040/00457,842.0,-76.0,-0.0,6.577304828899665,1.0
2026-09-30T14:29:12.659Z,00001,tram/0040/00083,902.0,-274.8649999999998,-0.0,6.3210426415591465,1.0
2026-09-30T14:29:12.662Z,00002,tram/0040/00096,902.0,-47.0,-0.0,2.2178808621337343,1.0
2026-09-30T14:29:12.664Z,00003,tram/0040/00414,902.0,-245.19750000000022,-0.0,7.036097031099904,1.0
2026-09-30T14:29:12.665Z,00004,tram/0040/00457,902.0,4.13749999999709,0.0,2.624758250449185,1.0
2026-09-30T14:30:12.859Z,00001,tram/0040/00083,962.0,-322.0639999999994,-0.0,5.497082487255957,1.0
2026-09-30T14:30:12.861Z,00002,tram/0040/00096,962.0,-123.79700000000139,-0.0,2.469013781576,1.0
2026-09-30T14:30:12.863Z,00003,tram/0040/00414,962.0,-30.131999999999607,-0.0,5.463250712071371,1.0
2026-09-30T14:30:12.865Z,00004,tram/0040/00457,962.0,-99.66350000000239,-0.0,4.096003342988213,1.0
2026-09-30T14:31:13.060Z,00001,tram/0040/00083,1022.0,-274.8649999999998,-0.0,6.067469626894314,1.0
2026-09-30T14:31:13.062Z,00002,tram/0040/00096,1022.0,-68.0,-0.0,1.1481584097324653,1.0
2026-09-30T14:31:13.064Z,00003,tram/0040/00414,1022.0,7.0,0.0,7.708049130987782,1.0
2026-09-30T14:31:13.066Z,00004,tram/0040/00457,1022.0,24.0,0.0,6.457608643607735,1.0
2026-09-30T14:32:13.277Z,00001,tram/0040/00083,1082.0,-209.79950000000008,-0.0,7.845291849786857,1.0
2026-09-30T14:32:13.279Z,00002,tram/0040/00096,1082.0,154.40449999999782,0.0,7.774067406428748,1.0
2026-09-30T14:32:13.282Z,00003,tram/0040/00414,1082.0,-154.0,-0.0,3.5378007241294687,1.0
2026-09-30T14:32:13.283Z,00004,tram/0040/00457,1082.0,-157.0,-0.0,6.543320883098618,1.0
2026-09-30T14:33:13.472Z,00001,tram/0040/00083,1142.0,129.0,0.0,5.69189796000409,1.0
2026-09-30T14:33:13.474Z,00002,tram/0040/00096,1142.0,-30.0,-0.0,8.591958973808763,1.0
2026-09-30T14:33:13.476Z,00003,tram/0040/00414,1142.0,-49.33100000000195,-0.0,8.827506860666738,1.0
2026-09-30T14:33:13.478Z,00004,tram/0040/00457,1142.0,-75.13200000000143,-0.0,5.013885076516686,1.0
2026-09-30T14:34:13.655Z,00001,tram/0040/00083,1202.0,18.0,0.0,2.2256758555280576,1.0
2026-09-30T14:34:13.658Z,00002,tram/0040/00096,1202.0,-37.46450000000095,-0.0,7.516507315518035,1.0
2026-09-30T14:34:13.659Z,00003,tram/0040/00414,1202.0,235.0,0.0,0.8796969788640162,1.0
2026-09-30T14:34:13.662Z,00004,tram/0040/00457,1202.0,-178.0,-0.0,5.100093884427822,1.0
2026-09-30T14:35:13.836Z,00001,tram/0040/00083,1262.0,-223.0,-0.0,6.020832387968321,1.0
2026-09-30T14:35:13.838Z,00002,tram/0040/00096,1262.0,-1.0,-0.0,7.895163049370342,1.0
2026-09-30T14:35:13.839Z,00003,tram/0040/00414,1262.0,-4.132000000001426,-0.0,1.1297542630522424,1.0
2026-09-30T14:35:13.840Z,00004,tram/0040/00457,1262.0,-54.66600000000108,-0.0,8.122485840329775,1.0
2026-09-30T14:36:14.032Z,00001,tram/0040/00083,1322.0,-116.60000000000036,-0.0,2.935945169420534,1.0
2026-09-30T14:36:14.034Z,00002,tram/0040/00096,1322.0,-27.928000000002612,-0.0,4.422948257432424,1.0
2026-09-30T14:36:14.036Z,00003,tram/0040/00414,1322.0,121.79999999999927,0.0,1.3713362502574884,1.0
2026-09-30T14:36:14.038Z,00004,tram/0040/00457,1322.0,-189.0,-0.0,6.024933004715295,1.0
2026-09-30T14:37:14.233Z,00001,tram/0040/00083,1382.0,23.802499999998872,0.0,5.746550285982672,1.0
2026-09-30T14:37:14.236Z,00002,tram/0040/00096,1382.0,-178.66599999999926,-0.0,4.422948257432424,1.0
2026-09-30T14:37:14.238Z,00003,tram/0040/00414,1382.0,0.0,0.0,1.33023285699135,1.0
2026-09-30T14:37:14.239Z,00004,tram/0040/00457,1382.0,-37.0,-0.0,3.2735075548955463,1.0
2026-09-30T14:38:14.430Z,00001,tram/0040/00083,1442.0,6.0,0.0,1.069915473072766,1.0
2026-09-30T14:38:14.432Z,00002,tram/0040/00096,1442.0,-320.26300000000083,-0.0,4.422948257432424,1.0
2026-09-30T14:38:14.435Z,00003,tram/0040/00414,1442.0,-119.0,-0.0,0.3689409208043621,1.0
2026-09-30T14:38:14.436Z,00004,tram/0040/00457,1442.0,-130.99350000000413,-0.0,5.3193915009558586,1.0
2026-09-30T14:39:14.626Z,00001,tram/0040/00083,1502.0,-125.0,-0.0,5.810586958176766,1.0
2026-09-30T14:39:14.627Z,00002,tram/0040/00096,1502.0,-296.66350000000057,-0.0,3.1550715256773088,1.0
2026-09-30T14:39:14.628Z,00003,tram/0040/00414,1502.0,-195.7970000000023,-0.0,8.469442351810443,1.0
2026-09-30T14:39:14.629Z,00004,tram/0040/00457,1502.0,120.0,0.0,5.651461369479632,1.0
2026-09-30T14:40:14.840Z,00001,tram/0040/00083,1562.0,8.333999999999833,0.0,4.50707653662889,1.0
2026-09-30T14:40:14.842Z,00002,tram/0040/00096,1562.0,-15.197500000000218,-0.0,3.067112562196936,1.0
2026-09-30T14:40:14.843Z,00003,tram/0040/00414,1562.0,66.33649999999761,0.0,6.895515432701948,1.0
2026-09-30T14:40:14.845Z,00004,tram/0040/00457,1562.0,-51.0,-0.0,1.4486822050920471,1.0
2026-09-30T14:41:15.033Z,00001,tram/0040/00083,1622.0,-96.0,-0.0,3.660152182201589,1.0
2026-09-30T14:41:15.035Z,00002,tram/0040/00096,1622.0,95.79999999999927,0.0,8.174843467404596,1.0
2026-09-30T14:41:15.037Z,00003,tram/0040/00414,1622.0,-19.598000000001775,-0.0,2.6873635362957016,1.0
2026-09-30T14:41:15.039Z,00004,tram/0040/00457,1622.0,22.333999999998923,0.0,5.878780687487519,1.0
2026-09-30T14:42:15.214Z,00001,tram/0040/00083,1682.0,-139.19750000000113,-0.0,7.410032946974779,1.0
2026-09-30T14:42:15.216Z,00002,tram/0040/00096,1682.0,-40.66600000000108,-0.0,0.5553642615676739,1.0
2026-09-30T14:42:15.218Z,00003,tram/0040/00414,1682.0,-177.66600000000108,-0.0,6.646446375923154,1.0
2026-09-30T14:42:15.219Z,00004,tram/0040/00457,1682.0,-39.20000000000073,-0.0,2.49583009186706,1.0
2026-09-30T14:43:15.412Z,00001,tram/0040/00083,1742.0,-207.0,-0.0,4.6993314492253395,1.0
2026-09-30T14:43:15.414Z,00002,tram/0040/00096,1742.0,-255.0,-0.0,4.090749672254932,1.0
2026-09-30T14:43:15.416Z,00003,tram/0040/00414,1742.0,115.39999999999964,0.0,2.356840426642797,1.0
2026-09-30T14:43:15.418Z,00004,tram/0040/00457,1742.0,-97.46200000000317,-0.0,0.5075871180510656,1.0
2026-09-30T14:44:15.592Z,00001,tram/0040/00083,1802.0,-100.60000000000036,-0.0,1.8872131519569362,1.0
2026-09-30T14:44:15.594Z,00002,tram/0040/00096,1802.0,225.0,0.0,0.6354548829475605,1.0
2026-09-30T14:44:15.596Z,00003,tram/0040/00414,1802.0,22.799999999999272,0.0,6.662024270001322,1.0
2026-09-30T14:44:15.598Z,00004,tram/0040/00457,1802.0,-95.9984999999997,-0.0,1.921676261855418,1.0
